Date,base,cofix_short,exchange
2014-12-23,2.0,2.0,1102.7
2014-12-24,2.0,2.0,1102.6
2014-12-26,2.0,2.0,1098.7
2014-12-29,2.0,2.05,1097.8
2014-12-30,2.0,2.05,1099.3
2015-01-02,2.0,2.05,1103.5
2015-01-05,2.0,2.08,1109.9
2015-01-06,2.0,2.08,1098.8
2015-01-07,2.0,2.08,1099.9
2015-01-08,2.0,2.08,1096.9
2015-01-09,2.0,2.08,1090.0
2015-01-12,2.0,2.05,1081.4
2015-01-13,2.0,2.05,1083.5
2015-01-14,2.0,2.05,1082.2
2015-01-15,2.0,2.05,1083.3
2015-01-16,2.0,2.05,1077.3
2015-01-19,2.0,2.0,1078.0
2015-01-20,2.0,2.0,1088.4
2015-01-21,2.0,2.0,1083.4
2015-01-22,2.0,2.0,1084.9
2015-01-23,2.0,2.0,1084.1
2015-01-26,2.0,1.97,1080.8
2015-01-27,2.0,1.97,1079.8
2015-01-28,2.0,1.97,1084.5
2015-01-29,2.0,1.97,1093.9
2015-01-30,2.0,1.97,1093.5
2015-02-02,2.0,1.95,1103.3
2015-02-03,2.0,1.95,1097.4
2015-02-04,2.0,1.95,1084.1
2015-02-05,2.0,1.95,1090.5
2015-02-06,2.0,1.95,1089.7
2015-02-09,2.0,1.92,1094.9
2015-02-10,2.0,1.92,1089.7
2015-02-11,2.0,1.92,1097.7
2015-02-12,2.0,1.92,1110.7
2015-02-13,2.0,1.92,1097.0
2015-02-16,2.0,1.92,1102.4
2015-02-17,2.0,1.92,1101.8
2015-02-23,2.0,1.94,1108.7
2015-02-24,2.0,1.94,1109.9
2015-02-25,2.0,1.94,1099.0
2015-02-26,2.0,1.94,1097.2
2015-02-27,2.0,1.94,1098.4
2015-03-02,2.0,1.94,1100.8
2015-03-03,2.0,1.94,1096.4
2015-03-04,2.0,1.94,1097.7
2015-03-05,2.0,1.94,1101.3
2015-03-06,2.0,1.94,1098.7
2015-03-09,2.0,1.93,1112.1
2015-03-10,2.0,1.93,1122.6
2015-03-11,2.0,1.93,1126.5
2015-03-12,1.75,1.93,1126.4
2015-03-13,1.75,1.93,1128.5
2015-03-16,1.75,1.72,1131.5
2015-03-17,1.75,1.72,1128.9
2015-03-18,1.75,1.72,1129.9
2015-03-19,1.75,1.72,1117.2
2015-03-20,1.75,1.72,1123.0
2015-03-23,1.75,1.77,1114.6
2015-03-24,1.75,1.77,1104.6
2015-03-25,1.75,1.77,1100.8
2015-03-26,1.75,1.77,1108.0
2015-03-27,1.75,1.77,1103.3
2015-03-30,1.75,1.73,1104.9
2015-03-31,1.75,1.73,1109.5
2015-04-01,1.75,1.73,1102.4
2015-04-02,1.75,1.73,1095.5
2015-04-03,1.75,1.73,1092.7
2015-04-06,1.75,1.73,1084.8
2015-04-07,1.75,1.73,1088.5
2015-04-08,1.75,1.73,1091.0
2015-04-09,1.75,1.73,1092.3
2015-04-10,1.75,1.73,1092.7
2015-04-13,1.75,1.7,1098.6
2015-04-14,1.75,1.7,1094.0
2015-04-15,1.75,1.7,1096.8
2015-04-16,1.75,1.7,1088.9
2015-04-17,1.75,1.7,1083.7
2015-04-20,1.75,1.67,1079.2
2015-04-21,1.75,1.67,1083.4
2015-04-22,1.75,1.67,1079.6
2015-04-23,1.75,1.67,1082.2
2015-04-24,1.75,1.67,1079.4
2015-04-27,1.75,1.7,1073.0
2015-04-28,1.75,1.7,1070.0
2015-04-29,1.75,1.7,1068.6
2015-04-30,1.75,1.7,1072.4
2015-05-04,1.75,1.65,1079.2
2015-05-06,1.75,1.65,1080.0
2015-05-07,1.75,1.65,1089.7
2015-05-08,1.75,1.65,1088.3
2015-05-11,1.75,1.68,1091.3
2015-05-12,1.75,1.68,1095.8
2015-05-13,1.75,1.68,1099.7
2015-05-14,1.75,1.68,1090.5
2015-05-15,1.75,1.68,1085.7
2015-05-18,1.75,1.65,1085.6
2015-05-19,1.75,1.65,1088.1
2015-05-20,1.75,1.65,1096.0
2015-05-21,1.75,1.65,1094.0
2015-05-22,1.75,1.65,1090.1
2015-05-26,1.75,1.69,1101.0
2015-05-27,1.75,1.69,1105.5
2015-05-28,1.75,1.69,1105.8
2015-05-29,1.75,1.69,1108.2
2015-06-01,1.75,1.69,1110.2
2015-06-02,1.75,1.69,1112.4
2015-06-03,1.75,1.69,1104.7
2015-06-04,1.75,1.69,1113.9
2015-06-05,1.75,1.69,1111.1
2015-06-08,1.75,1.65,1123.3
2015-06-09,1.75,1.65,1118.9
2015-06-10,1.75,1.65,1108.2
2015-06-11,1.5,1.65,1108.8
2015-06-12,1.5,1.65,1114.7
2015-06-15,1.5,1.56,1117.3
2015-06-16,1.5,1.56,1118.6
2015-06-17,1.5,1.56,1117.9
2015-06-18,1.5,1.56,1107.1
2015-06-19,1.5,1.56,1107.1
2015-06-22,1.5,1.48,1098.8
2015-06-23,1.5,1.48,1104.6
2015-06-24,1.5,1.48,1108.4
2015-06-25,1.5,1.48,1110.0
2015-06-26,1.5,1.48,1116.9
2015-06-29,1.5,1.51,1125.3
2015-06-30,1.5,1.51,1115.5
2015-07-01,1.5,1.51,1117.5
2015-07-02,1.5,1.51,1125.0
2015-07-03,1.5,1.51,1123.0
2015-07-06,1.5,1.52,1126.5
2015-07-07,1.5,1.52,1130.2
2015-07-08,1.5,1.52,1136.7
2015-07-09,1.5,1.52,1133.9
2015-07-10,1.5,1.52,1129.7
2015-07-13,1.5,1.51,1130.6
2015-07-14,1.5,1.51,1142.6
2015-07-15,1.5,1.51,1143.6
2015-07-16,1.5,1.51,1149.2
2015-07-17,1.5,1.51,1147.5
2015-07-20,1.5,1.48,1152.1
2015-07-21,1.5,1.48,1158.3
2015-07-22,1.5,1.48,1153.6
2015-07-23,1.5,1.48,1165.1
2015-07-24,1.5,1.48,1167.9
2015-07-27,1.5,1.49,1167.0
2015-07-28,1.5,1.49,1164.9
2015-07-29,1.5,1.49,1158.4
2015-07-30,1.5,1.49,1168.4
2015-07-31,1.5,1.49,1170.0
2015-08-03,1.5,1.46,1165.9
2015-08-04,1.5,1.46,1165.5
2015-08-05,1.5,1.46,1173.6
2015-08-06,1.5,1.46,1166.2
2015-08-07,1.5,1.46,1167.4
2015-08-10,1.5,1.45,1163.2
2015-08-11,1.5,1.45,1179.1
2015-08-12,1.5,1.45,1190.8
2015-08-13,1.5,1.45,1174.0
2015-08-17,1.5,1.43,1183.1
2015-08-18,1.5,1.43,1185.0
2015-08-19,1.5,1.43,1185.3
2015-08-20,1.5,1.43,1185.1
2015-08-21,1.5,1.43,1195.0
2015-08-24,1.5,1.45,1199.0
2015-08-25,1.5,1.45,1195.3
2015-08-26,1.5,1.45,1186.0
2015-08-27,1.5,1.45,1185.2
2015-08-28,1.5,1.45,1173.6
2015-08-31,1.5,1.48,1182.5
2015-09-01,1.5,1.48,1171.8
2015-09-02,1.5,1.48,1180.7
2015-09-03,1.5,1.48,1190.3
2015-09-04,1.5,1.48,1193.4
2015-09-07,1.5,1.46,1203.7
2015-09-08,1.5,1.46,1200.9
2015-09-09,1.5,1.46,1189.4
2015-09-10,1.5,1.46,1194.4
2015-09-11,1.5,1.46,1184.5
2015-09-14,1.5,1.44,1183.1
2015-09-15,1.5,1.44,1186.7
2015-09-16,1.5,1.44,1175.9
2015-09-17,1.5,1.44,1165.9
2015-09-18,1.5,1.44,1162.8
2015-09-21,1.5,1.4,1174.7
2015-09-22,1.5,1.4,1179.2
2015-09-23,1.5,1.4,1191.2
2015-09-24,1.5,1.4,1192.5
2015-09-25,1.5,1.4,1194.7
2015-09-30,1.5,1.44,1185.3
2015-10-01,1.5,1.44,1176.3
2015-10-02,1.5,1.44,1180.7
2015-10-05,1.5,1.45,1172.4
2015-10-06,1.5,1.45,1165.9
2015-10-07,1.5,1.45,1161.3
2015-10-08,1.5,1.45,1159.0
2015-10-12,1.5,1.45,1143.5
2015-10-13,1.5,1.45,1149.7
2015-10-14,1.5,1.45,1146.8
2015-10-15,1.5,1.45,1130.2
2015-10-16,1.5,1.45,1129.1
2015-10-19,1.5,1.46,1121.0
2015-10-20,1.5,1.46,1131.0
2015-10-21,1.5,1.46,1132.5
2015-10-22,1.5,1.46,1138.6
2015-10-23,1.5,1.46,1124.7
2015-10-26,1.5,1.49,1133.8
2015-10-27,1.5,1.49,1131.0
2015-10-28,1.5,1.49,1131.0
2015-10-29,1.5,1.49,1142.3
2015-10-30,1.5,1.49,1140.1
2015-11-02,1.5,1.49,1137.0
2015-11-03,1.5,1.49,1133.1
2015-11-04,1.5,1.49,1132.0
2015-11-05,1.5,1.49,1138.5
2015-11-06,1.5,1.49,1141.9
2015-11-09,1.5,1.48,1157.2
2015-11-10,1.5,1.48,1156.9
2015-11-11,1.5,1.48,1154.9
2015-11-12,1.5,1.48,1158.2
2015-11-13,1.5,1.48,1163.8
2015-11-16,1.5,1.51,1174.1
2015-11-17,1.5,1.51,1170.4
2015-11-18,1.5,1.51,1172.2
2015-11-19,1.5,1.51,1161.7
2015-11-20,1.5,1.51,1154.3
2015-11-23,1.5,1.54,1158.5
2015-11-24,1.5,1.54,1153.8
2015-11-25,1.5,1.54,1143.4
2015-11-26,1.5,1.54,1147.3
2015-11-27,1.5,1.54,1153.0
2015-11-30,1.5,1.56,1158.1
2015-12-01,1.5,1.56,1158.0
2015-12-02,1.5,1.56,1164.3
2015-12-03,1.5,1.56,1164.6
2015-12-04,1.5,1.56,1156.7
2015-12-07,1.5,1.61,1168.2
2015-12-08,1.5,1.61,1178.6
2015-12-09,1.5,1.61,1179.3
2015-12-10,1.5,1.61,1181.3
2015-12-11,1.5,1.61,1179.5
2015-12-14,1.5,1.61,1184.8
2015-12-15,1.5,1.61,1183.4
2015-12-16,1.5,1.61,1176.2
2015-12-17,1.5,1.61,1180.1
2015-12-18,1.5,1.61,1183.0
2015-12-21,1.5,1.54,1177.6
2015-12-22,1.5,1.54,1173.3
2015-12-23,1.5,1.54,1173.1
2015-12-24,1.5,1.54,1167.8
2015-12-28,1.5,1.57,1165.4
2015-12-29,1.5,1.57,1169.6
2015-12-30,1.5,1.57,1172.5
2016-01-04,1.5,1.59,1187.7
2016-01-05,1.5,1.59,1188.0
2016-01-06,1.5,1.59,1197.9
2016-01-07,1.5,1.59,1200.6
2016-01-08,1.5,1.59,1198.1
2016-01-11,1.5,1.59,1209.8
2016-01-12,1.5,1.59,1210.3
2016-01-13,1.5,1.59,1204.0
2016-01-14,1.5,1.59,1213.4
2016-01-15,1.5,1.59,1213.4
2016-01-18,1.5,1.58,1210.9
2016-01-19,1.5,1.58,1205.9
2016-01-20,1.5,1.58,1214.0
2016-01-21,1.5,1.58,1213.7
2016-01-22,1.5,1.58,1200.1
2016-01-25,1.5,1.59,1194.2
2016-01-26,1.5,1.59,1204.2
2016-01-27,1.5,1.59,1202.0
2016-01-28,1.5,1.59,1208.5
2016-01-29,1.5,1.59,1199.1
2016-02-01,1.5,1.52,1200.5
2016-02-02,1.5,1.52,1207.4
2016-02-03,1.5,1.52,1219.3
2016-02-04,1.5,1.52,1202.1
2016-02-05,1.5,1.52,1197.4
2016-02-11,1.5,1.52,1202.5
2016-02-12,1.5,1.52,1211.7
2016-02-15,1.5,1.47,1208.1
2016-02-16,1.5,1.47,1216.6
2016-02-17,1.5,1.47,1227.1
2016-02-18,1.5,1.47,1227.4
2016-02-19,1.5,1.47,1234.4
2016-02-22,1.5,1.47,1234.4
2016-02-23,1.5,1.47,1231.1
2016-02-24,1.5,1.47,1234.4
2016-02-25,1.5,1.47,1238.8
2016-02-26,1.5,1.47,1238.2
2016-02-29,1.5,1.46,1236.7
2016-03-02,1.5,1.46,1227.5
2016-03-03,1.5,1.46,1214.6
2016-03-04,1.5,1.46,1203.4
2016-03-07,1.5,1.47,1201.4
2016-03-08,1.5,1.47,1206.7
2016-03-09,1.5,1.47,1216.2
2016-03-10,1.5,1.47,1203.5
2016-03-11,1.5,1.47,1193.1
2016-03-14,1.5,1.49,1186.1
2016-03-15,1.5,1.49,1187.7
2016-03-16,1.5,1.49,1193.3
2016-03-17,1.5,1.49,1173.3
2016-03-18,1.5,1.49,1162.5
2016-03-21,1.5,1.47,1163.5
2016-03-22,1.5,1.47,1153.6
2016-03-23,1.5,1.47,1161.2
2016-03-24,1.5,1.47,1166.3
2016-03-25,1.5,1.47,1169.2
2016-03-28,1.5,1.47,1166.2
2016-03-29,1.5,1.47,1163.8
2016-03-30,1.5,1.47,1150.8
2016-03-31,1.5,1.47,1143.5
2016-04-01,1.5,1.47,1154.2
2016-04-04,1.5,1.46,1146.1
2016-04-05,1.5,1.46,1155.1
2016-04-06,1.5,1.46,1156.1
2016-04-07,1.5,1.46,1151.4
2016-04-08,1.5,1.46,1153.8
2016-04-11,1.5,1.47,1146.5
2016-04-12,1.5,1.47,1145.8
2016-04-14,1.5,1.47,1156.7
2016-04-15,1.5,1.47,1146.2
2016-04-18,1.5,1.46,1150.2
2016-04-19,1.5,1.46,1136.3
2016-04-20,1.5,1.46,1135.2
2016-04-21,1.5,1.46,1132.9
2016-04-22,1.5,1.46,1143.1
2016-04-25,1.5,1.48,1147.8
2016-04-26,1.5,1.48,1151.0
2016-04-27,1.5,1.48,1148.3
2016-04-28,1.5,1.48,1138.2
2016-04-29,1.5,1.48,1139.3
2016-05-02,1.5,1.45,1137.8
2016-05-03,1.5,1.45,1140.2
2016-05-04,1.5,1.45,1154.3
2016-05-09,1.5,1.47,1165.8
2016-05-10,1.5,1.47,1172.6
2016-05-11,1.5,1.47,1167.6
2016-05-12,1.5,1.47,1162.6
2016-05-13,1.5,1.47,1171.4
2016-05-16,1.5,1.44,1179.7
2016-05-17,1.5,1.44,1173.7
2016-05-18,1.5,1.44,1182.6
2016-05-19,1.5,1.44,1191.7
2016-05-20,1.5,1.44,1190.2
2016-05-23,1.5,1.43,1182.9
2016-05-24,1.5,1.43,1192.7
2016-05-25,1.5,1.43,1182.5
2016-05-26,1.5,1.43,1180.4
2016-05-27,1.5,1.43,1179.3
2016-05-30,1.5,1.49,1191.8
2016-05-31,1.5,1.49,1191.7
2016-06-01,1.5,1.49,1193.0
2016-06-02,1.5,1.49,1186.6
2016-06-03,1.5,1.49,1183.6
2016-06-07,1.5,1.41,1162.7
2016-06-08,1.5,1.41,1156.6
2016-06-09,1.25,1.41,1156.0
2016-06-10,1.25,1.41,1165.5
2016-06-13,1.25,1.29,1173.4
2016-06-14,1.25,1.29,1173.2
2016-06-15,1.25,1.29,1173.3
2016-06-16,1.25,1.29,1171.4
2016-06-17,1.25,1.29,1172.7
2016-06-20,1.25,1.3,1160.8
2016-06-21,1.25,1.3,1156.6
2016-06-22,1.25,1.3,1154.4
2016-06-23,1.25,1.3,1150.2
2016-06-24,1.25,1.3,1179.9
2016-06-27,1.25,1.26,1182.3
2016-06-28,1.25,1.26,1171.3
2016-06-29,1.25,1.26,1160.2
2016-06-30,1.25,1.26,1151.8
2016-07-01,1.25,1.26,1145.0
2016-07-04,1.25,1.24,1146.9
2016-07-05,1.25,1.24,1155.4
2016-07-06,1.25,1.24,1165.6
2016-07-07,1.25,1.24,1154.6
2016-07-08,1.25,1.24,1161.8
2016-07-11,1.25,1.24,1146.7
2016-07-12,1.25,1.24,1148.0
2016-07-13,1.25,1.24,1146.4
2016-07-14,1.25,1.24,1137.4
2016-07-15,1.25,1.24,1133.9
2016-07-18,1.25,1.25,1136.4
2016-07-19,1.25,1.25,1135.5
2016-07-20,1.25,1.25,1141.0
2016-07-21,1.25,1.25,1135.9
2016-07-22,1.25,1.25,1134.4
2016-07-25,1.25,1.24,1137.0
2016-07-26,1.25,1.24,1134.9
2016-07-27,1.25,1.24,1134.2
2016-07-28,1.25,1.24,1124.4
2016-07-29,1.25,1.24,1120.2
2016-08-01,1.25,1.2,1108.0
2016-08-02,1.25,1.2,1110.0
2016-08-03,1.25,1.2,1117.6
2016-08-04,1.25,1.2,1114.0
2016-08-05,1.25,1.2,1110.4
2016-08-08,1.25,1.23,1108.3
2016-08-09,1.25,1.23,1106.1
2016-08-10,1.25,1.23,1095.4
2016-08-11,1.25,1.23,1099.5
2016-08-12,1.25,1.23,1103.3
2016-08-16,1.25,1.22,1092.2
2016-08-17,1.25,1.22,1108.3
2016-08-18,1.25,1.22,1107.2
2016-08-19,1.25,1.22,1117.6
2016-08-22,1.25,1.21,1126.5
2016-08-23,1.25,1.21,1115.6
2016-08-24,1.25,1.21,1122.0
2016-08-25,1.25,1.21,1115.9
2016-08-26,1.25,1.21,1113.7
2016-08-29,1.25,1.2,1125.0
2016-08-30,1.25,1.2,1119.9
2016-08-31,1.25,1.2,1114.8
2016-09-01,1.25,1.2,1122.1
2016-09-02,1.25,1.2,1117.2
2016-09-05,1.25,1.22,1105.1
2016-09-06,1.25,1.22,1105.2
2016-09-07,1.25,1.22,1090.0
2016-09-08,1.25,1.22,1092.6
2016-09-09,1.25,1.22,1098.4
2016-09-12,1.25,1.22,1113.5
2016-09-13,1.25,1.22,1118.8
2016-09-19,1.25,1.24,1118.1
2016-09-20,1.25,1.24,1120.6
2016-09-21,1.25,1.24,1120.1
2016-09-22,1.25,1.24,1103.3
2016-09-23,1.25,1.24,1102.4
2016-09-26,1.25,1.23,1107.9
2016-09-27,1.25,1.23,1096.5
2016-09-28,1.25,1.23,1096.8
2016-09-29,1.25,1.23,1098.8
2016-09-30,1.25,1.23,1101.3
2016-10-04,1.25,1.22,1107.8
2016-10-05,1.25,1.22,1113.7
2016-10-06,1.25,1.22,1112.2
2016-10-07,1.25,1.22,1115.5
2016-10-10,1.25,1.23,1108.4
2016-10-11,1.25,1.23,1120.4
2016-10-12,1.25,1.23,1123.6
2016-10-13,1.25,1.23,1135.9
2016-10-14,1.25,1.23,1132.1
2016-10-17,1.25,1.24,1137.9
2016-10-18,1.25,1.24,1129.4
2016-10-19,1.25,1.24,1123.2
2016-10-20,1.25,1.24,1127.5
2016-10-21,1.25,1.24,1134.9
2016-10-24,1.25,1.3,1131.0
2016-10-25,1.25,1.3,1133.5
2016-10-26,1.25,1.3,1134.0
2016-10-27,1.25,1.3,1142.5
2016-10-28,1.25,1.3,1144.9
2016-10-31,1.25,1.29,1144.5
2016-11-01,1.25,1.29,1139.9
2016-11-02,1.25,1.29,1149.8
2016-11-03,1.25,1.29,1139.6
2016-11-04,1.25,1.29,1143.4
2016-11-07,1.25,1.3,1143.1
2016-11-08,1.25,1.3,1135.0
2016-11-09,1.25,1.3,1149.5
2016-11-10,1.25,1.3,1150.6
2016-11-11,1.25,1.3,1164.8
2016-11-14,1.25,1.3,1171.9
2016-11-15,1.25,1.3,1170.6
2016-11-16,1.25,1.3,1169.2
2016-11-17,1.25,1.3,1175.9
2016-11-18,1.25,1.3,1183.2
2016-11-21,1.25,1.36,1186.6
2016-11-22,1.25,1.36,1176.1
2016-11-23,1.25,1.36,1176.2
2016-11-24,1.25,1.36,1180.1
2016-11-25,1.25,1.36,1177.4
2016-11-28,1.25,1.45,1170.4
2016-11-29,1.25,1.45,1168.5
2016-11-30,1.25,1.45,1169.1
2016-12-01,1.25,1.45,1167.6
2016-12-02,1.25,1.45,1172.6
2016-12-05,1.25,1.43,1174.6
2016-12-06,1.25,1.43,1171.4
2016-12-07,1.25,1.43,1167.9
2016-12-08,1.25,1.43,1158.5
2016-12-09,1.25,1.43,1165.9
2016-12-12,1.25,1.44,1168.2
2016-12-13,1.25,1.44,1167.0
2016-12-14,1.25,1.44,1169.7
2016-12-15,1.25,1.44,1178.5
2016-12-16,1.25,1.44,1183.9
2016-12-19,1.25,1.4,1186.9
2016-12-20,1.25,1.4,1193.4
2016-12-21,1.25,1.4,1193.9
2016-12-22,1.25,1.4,1199.1
2016-12-23,1.25,1.4,1203.0
2016-12-26,1.25,1.41,1201.4
2016-12-27,1.25,1.41,1207.6
2016-12-28,1.25,1.41,1210.5
2016-12-29,1.25,1.41,1207.7
2017-01-02,1.25,1.42,1208.0
2017-01-03,1.25,1.42,1203.5
2017-01-04,1.25,1.42,1206.4
2017-01-05,1.25,1.42,1186.3
2017-01-06,1.25,1.42,1193.0
2017-01-09,1.25,1.38,1208.3
2017-01-10,1.25,1.38,1194.6
2017-01-11,1.25,1.38,1196.4
2017-01-12,1.25,1.38,1184.7
2017-01-13,1.25,1.38,1174.7
2017-01-16,1.25,1.36,1182.1
2017-01-17,1.25,1.36,1174.5
2017-01-18,1.25,1.36,1166.7
2017-01-19,1.25,1.36,1177.6
2017-01-20,1.25,1.36,1169.2
2017-01-23,1.25,1.38,1165.5
2017-01-24,1.25,1.38,1165.9
2017-01-25,1.25,1.38,1166.0
2017-01-26,1.25,1.38,1159.2
2017-01-31,1.25,1.33,1162.1
2017-02-01,1.25,1.33,1158.1
2017-02-02,1.25,1.33,1146.8
2017-02-03,1.25,1.33,1147.6
2017-02-06,1.25,1.34,1137.9
2017-02-07,1.25,1.34,1144.3
2017-02-08,1.25,1.34,1147.2
2017-02-09,1.25,1.34,1145.8
2017-02-10,1.25,1.34,1150.6
2017-02-13,1.25,1.35,1152.0
2017-02-14,1.25,1.35,1137.4
2017-02-15,1.25,1.35,1142.2
2017-02-16,1.25,1.35,1141.5
2017-02-17,1.25,1.35,1146.3
2017-02-20,1.25,1.33,1147.5
2017-02-21,1.25,1.33,1146.1
2017-02-22,1.25,1.33,1142.6
2017-02-23,1.25,1.33,1137.3
2017-02-24,1.25,1.33,1131.5
2017-02-27,1.25,1.36,1133.7
2017-02-28,1.25,1.36,1130.7
2017-03-02,1.25,1.36,1141.6
2017-03-03,1.25,1.36,1156.1
2017-03-06,1.25,1.36,1158.0
2017-03-07,1.25,1.36,1146.1
2017-03-08,1.25,1.36,1145.5
2017-03-09,1.25,1.36,1158.1
2017-03-10,1.25,1.36,1157.4
2017-03-13,1.25,1.35,1144.4
2017-03-14,1.25,1.35,1148.8
2017-03-15,1.25,1.35,1143.6
2017-03-16,1.25,1.35,1132.0
2017-03-17,1.25,1.35,1130.9
2017-03-20,1.25,1.36,1120.1
2017-03-21,1.25,1.36,1120.3
2017-03-22,1.25,1.36,1123.3
2017-03-23,1.25,1.36,1122.4
2017-03-24,1.25,1.36,1122.6
2017-03-27,1.25,1.34,1112.8
2017-03-28,1.25,1.34,1113.0
2017-03-29,1.25,1.34,1114.2
2017-03-30,1.25,1.34,1117.2
2017-03-31,1.25,1.34,1118.4
2017-04-03,1.25,1.34,1115.3
2017-04-04,1.25,1.34,1121.9
2017-04-05,1.25,1.34,1124.4
2017-04-06,1.25,1.34,1133.2
2017-04-07,1.25,1.34,1134.5
2017-04-10,1.25,1.36,1142.2
2017-04-11,1.25,1.36,1145.8
2017-04-12,1.25,1.36,1141.4
2017-04-13,1.25,1.36,1129.7
2017-04-14,1.25,1.36,1140.0
2017-04-17,1.25,1.32,1137.7
2017-04-18,1.25,1.32,1142.4
2017-04-19,1.25,1.32,1140.2
2017-04-20,1.25,1.32,1139.8
2017-04-21,1.25,1.32,1134.4
2017-04-24,1.25,1.31,1129.9
2017-04-25,1.25,1.31,1125.4
2017-04-26,1.25,1.31,1125.1
2017-04-27,1.25,1.31,1130.1
2017-04-28,1.25,1.31,1137.9
2017-05-02,1.25,1.31,1130.5
2017-05-04,1.25,1.31,1132.7
2017-05-08,1.25,1.32,1131.4
2017-05-10,1.25,1.32,1135.8
2017-05-11,1.25,1.32,1127.9
2017-05-12,1.25,1.32,1127.4
2017-05-15,1.25,1.3,1123.6
2017-05-16,1.25,1.3,1116.0
2017-05-17,1.25,1.3,1118.3
2017-05-18,1.25,1.3,1124.5
2017-05-19,1.25,1.3,1127.2
2017-05-22,1.25,1.3,1118.6
2017-05-23,1.25,1.3,1124.2
2017-05-24,1.25,1.3,1126.8
2017-05-25,1.25,1.3,1116.5
2017-05-26,1.25,1.3,1120.7
2017-05-29,1.25,1.29,1121.7
2017-05-30,1.25,1.29,1125.1
2017-05-31,1.25,1.29,1119.5
2017-06-01,1.25,1.29,1122.0
2017-06-02,1.25,1.29,1121.8
2017-06-05,1.25,1.31,1118.3
2017-06-07,1.25,1.31,1124.0
2017-06-08,1.25,1.31,1122.1
2017-06-09,1.25,1.31,1123.2
2017-06-12,1.25,1.29,1127.3
2017-06-13,1.25,1.29,1128.3
2017-06-14,1.25,1.29,1123.9
2017-06-15,1.25,1.29,1124.1
2017-06-16,1.25,1.29,1134.1
2017-06-19,1.25,1.28,1132.7
2017-06-20,1.25,1.28,1135.4
2017-06-21,1.25,1.28,1144.0
2017-06-22,1.25,1.28,1140.9
2017-06-23,1.25,1.28,1138.8
2017-06-26,1.25,1.27,1137.1
2017-06-27,1.25,1.27,1136.9
2017-06-28,1.25,1.27,1144.0
2017-06-29,1.25,1.27,1141.1
2017-06-30,1.25,1.27,1144.1
2017-07-03,1.25,1.26,1146.9
2017-07-04,1.25,1.26,1150.6
2017-07-05,1.25,1.26,1150.5
2017-07-06,1.25,1.26,1157.4
2017-07-07,1.25,1.26,1154.3
2017-07-10,1.25,1.3,1149.5
2017-07-11,1.25,1.3,1151.1
2017-07-12,1.25,1.3,1145.1
2017-07-13,1.25,1.3,1136.3
2017-07-14,1.25,1.3,1133.3
2017-07-17,1.25,1.28,1128.3
2017-07-18,1.25,1.28,1123.1
2017-07-19,1.25,1.28,1120.6
2017-07-20,1.25,1.28,1125.5
2017-07-21,1.25,1.28,1118.2
2017-07-24,1.25,1.31,1114.0
2017-07-25,1.25,1.31,1115.3
2017-07-26,1.25,1.31,1121.8
2017-07-27,1.25,1.31,1112.8
2017-07-28,1.25,1.31,1122.1
2017-07-31,1.25,1.3,1119.0
2017-08-01,1.25,1.3,1121.3
2017-08-02,1.25,1.3,1124.0
2017-08-03,1.25,1.3,1128.8
2017-08-04,1.25,1.3,1125.0
2017-08-07,1.25,1.29,1127.1
2017-08-08,1.25,1.29,1125.1
2017-08-09,1.25,1.29,1135.2
2017-08-10,1.25,1.29,1142.0
2017-08-11,1.25,1.29,1143.5
2017-08-14,1.25,1.27,1139.7
2017-08-16,1.25,1.27,1141.5
2017-08-17,1.25,1.27,1137.2
2017-08-18,1.25,1.27,1141.3
2017-08-21,1.25,1.29,1139.0
2017-08-22,1.25,1.29,1133.8
2017-08-23,1.25,1.29,1131.8
2017-08-24,1.25,1.29,1127.9
2017-08-25,1.25,1.29,1128.2
2017-08-28,1.25,1.3,1120.1
2017-08-29,1.25,1.3,1126.4
2017-08-30,1.25,1.3,1124.2
2017-08-31,1.25,1.3,1127.8
2017-09-01,1.25,1.3,1122.8
2017-09-04,1.25,1.29,1133.0
2017-09-05,1.25,1.29,1131.1
2017-09-06,1.25,1.29,1135.4
2017-09-07,1.25,1.29,1129.4
2017-09-08,1.25,1.29,1127.5
2017-09-11,1.25,1.29,1131.9
2017-09-12,1.25,1.29,1128.5
2017-09-13,1.25,1.29,1128.5
2017-09-14,1.25,1.29,1132.6
2017-09-15,1.25,1.29,1131.7
2017-09-18,1.25,1.31,1126.6
2017-09-19,1.25,1.31,1131.3
2017-09-20,1.25,1.31,1128.3
2017-09-21,1.25,1.31,1132.7
2017-09-22,1.25,1.31,1136.5
2017-09-25,1.25,1.29,1131.8
2017-09-26,1.25,1.29,1136.8
2017-09-27,1.25,1.29,1140.7
2017-09-28,1.25,1.29,1149.1
2017-09-29,1.25,1.29,1145.4
2017-10-10,1.25,1.31,1135.1
2017-10-11,1.25,1.31,1135.2
2017-10-12,1.25,1.31,1133.2
2017-10-13,1.25,1.31,1128.9
2017-10-16,1.25,1.29,1127.8
2017-10-17,1.25,1.29,1132.5
2017-10-18,1.25,1.29,1129.9
2017-10-19,1.25,1.29,1132.4
2017-10-20,1.25,1.29,1131.0
2017-10-23,1.25,1.32,1130.2
2017-10-24,1.25,1.32,1127.4
2017-10-25,1.25,1.32,1127.9
2017-10-26,1.25,1.32,1124.6
2017-10-27,1.25,1.32,1130.5
2017-10-30,1.25,1.28,1124.6
2017-10-31,1.25,1.28,1120.4
2017-11-01,1.25,1.28,1114.5
2017-11-02,1.25,1.28,1114.4
2017-11-03,1.25,1.28,1113.8
2017-11-06,1.25,1.36,1115.0
2017-11-07,1.25,1.36,1111.9
2017-11-08,1.25,1.36,1115.6
2017-11-09,1.25,1.36,1115.6
2017-11-10,1.25,1.36,1117.1
2017-11-13,1.25,1.36,1120.6
2017-11-14,1.25,1.36,1118.1
2017-11-15,1.25,1.36,1112.3
2017-11-16,1.25,1.36,1101.4
2017-11-17,1.25,1.36,1097.5
2017-11-20,1.25,1.37,1100.6
2017-11-21,1.25,1.37,1095.8
2017-11-22,1.25,1.37,1089.1
2017-11-23,1.25,1.37,1085.4
2017-11-24,1.25,1.37,1085.4
2017-11-27,1.25,1.4,1088.6
2017-11-28,1.25,1.4,1084.4
2017-11-29,1.25,1.4,1076.8
2017-11-30,1.5,1.4,1088.2
2017-12-01,1.5,1.4,1086.4
2017-12-04,1.5,1.53,1088.7
2017-12-05,1.5,1.53,1085.8
2017-12-06,1.5,1.53,1093.7
2017-12-07,1.5,1.53,1093.5
2017-12-08,1.5,1.53,1093.3
2017-12-11,1.5,1.6,1092.3
2017-12-12,1.5,1.6,1092.4
2017-12-13,1.5,1.6,1090.7
2017-12-14,1.5,1.6,1089.1
2017-12-15,1.5,1.6,1089.8
2017-12-18,1.5,1.59,1088.5
2017-12-19,1.5,1.59,1084.9
2017-12-20,1.5,1.59,1080.9
2017-12-21,1.5,1.59,1082.7
2017-12-22,1.5,1.59,1079.7
2017-12-26,1.5,1.55,1076.1
2017-12-27,1.5,1.55,1074.1
2017-12-28,1.5,1.55,1070.5
2018-01-02,1.5,1.59,1061.2
2018-01-03,1.5,1.59,1064.5
2018-01-04,1.5,1.59,1062.2
2018-01-05,1.5,1.59,1062.7
2018-01-08,1.5,1.59,1066.0
2018-01-09,1.5,1.59,1067.1
2018-01-10,1.5,1.59,1071.9
2018-01-11,1.5,1.59,1072.0
2018-01-12,1.5,1.59,1064.8
2018-01-15,1.5,1.6,1062.7
2018-01-16,1.5,1.6,1062.7
2018-01-17,1.5,1.6,1069.3
2018-01-18,1.5,1.6,1070.7
2018-01-19,1.5,1.6,1065.9
2018-01-22,1.5,1.57,1070.1
2018-01-23,1.5,1.57,1070.2
2018-01-24,1.5,1.57,1070.2
2018-01-25,1.5,1.57,1058.6
2018-01-26,1.5,1.57,1063.9
2018-01-29,1.5,1.54,1065.6
2018-01-30,1.5,1.54,1073.6
2018-01-31,1.5,1.54,1067.9
2018-02-01,1.5,1.54,1071.9
2018-02-02,1.5,1.54,1079.7
2018-02-05,1.5,1.6,1088.5
2018-02-06,1.5,1.6,1091.5
2018-02-07,1.5,1.6,1086.6
2018-02-08,1.5,1.6,1087.9
2018-02-09,1.5,1.6,1092.1
2018-02-12,1.5,1.58,1084.6
2018-02-13,1.5,1.58,1084.5
2018-02-14,1.5,1.58,1077.2
2018-02-19,1.5,1.61,1067.6
2018-02-20,1.5,1.61,1073.5
2018-02-21,1.5,1.61,1076.2
2018-02-22,1.5,1.61,1084.3
2018-02-23,1.5,1.61,1079.0
2018-02-26,1.5,1.57,1073.4
2018-02-27,1.5,1.57,1071.3
2018-02-28,1.5,1.57,1082.8
2018-03-02,1.5,1.57,1080.3
2018-03-05,1.5,1.62,1082.0
2018-03-06,1.5,1.62,1076.1
2018-03-07,1.5,1.62,1069.1
2018-03-08,1.5,1.62,1070.2
2018-03-09,1.5,1.62,1069.8
2018-03-12,1.5,1.61,1065.2
2018-03-13,1.5,1.61,1067.5
2018-03-14,1.5,1.61,1064.6
2018-03-15,1.5,1.61,1065.4
2018-03-16,1.5,1.61,1066.2
2018-03-19,1.5,1.64,1071.6
2018-03-20,1.5,1.64,1068.6
2018-03-21,1.5,1.64,1072.3
2018-03-22,1.5,1.64,1072.7
2018-03-23,1.5,1.64,1082.2
2018-03-26,1.5,1.61,1081.1
2018-03-27,1.5,1.61,1070.3
2018-03-28,1.5,1.61,1070.8
2018-03-29,1.5,1.61,1065.9
2018-03-30,1.5,1.61,1063.5
2018-04-02,1.5,1.61,1056.6
2018-04-03,1.5,1.61,1054.2
2018-04-04,1.5,1.61,1059.8
2018-04-05,1.5,1.61,1059.7
2018-04-06,1.5,1.61,1069.6
2018-04-09,1.5,1.62,1067.1
2018-04-10,1.5,1.62,1066.4
2018-04-11,1.5,1.62,1066.3
2018-04-12,1.5,1.62,1069.5
2018-04-13,1.5,1.62,1069.5
2018-04-16,1.5,1.59,1074.0
2018-04-17,1.5,1.59,1067.0
2018-04-18,1.5,1.59,1068.7
2018-04-19,1.5,1.59,1061.5
2018-04-20,1.5,1.59,1067.3
2018-04-23,1.5,1.61,1069.0
2018-04-24,1.5,1.61,1076.8
2018-04-25,1.5,1.61,1080.6
2018-04-26,1.5,1.61,1080.9
2018-04-27,1.5,1.61,1076.6
2018-04-30,1.5,1.6,1068.0
2018-05-02,1.5,1.6,1076.1
2018-05-03,1.5,1.6,1076.3
2018-05-04,1.5,1.6,1077.2
2018-05-08,1.5,1.64,1076.5
2018-05-09,1.5,1.64,1080.9
2018-05-10,1.5,1.64,1073.1
2018-05-11,1.5,1.64,1069.3
2018-05-14,1.5,1.61,1068.0
2018-05-15,1.5,1.61,1073.8
2018-05-16,1.5,1.61,1077.6
2018-05-17,1.5,1.61,1081.2
2018-05-18,1.5,1.61,1077.6
2018-05-21,1.5,1.67,1085.4
2018-05-23,1.5,1.67,1080.7
2018-05-24,1.5,1.67,1079.6
2018-05-25,1.5,1.67,1078.0
2018-05-28,1.5,1.64,1074.2
2018-05-29,1.5,1.64,1076.8
2018-05-30,1.5,1.64,1080.9
2018-05-31,1.5,1.64,1077.7
2018-06-01,1.5,1.64,1075.0
2018-06-04,1.5,1.62,1071.9
2018-06-05,1.5,1.62,1070.7
2018-06-07,1.5,1.62,1069.0
2018-06-08,1.5,1.62,1075.9
2018-06-11,1.5,1.66,1075.2
2018-06-12,1.5,1.66,1077.2
2018-06-14,1.5,1.66,1083.1
2018-06-15,1.5,1.66,1097.7
2018-06-18,1.5,1.63,1104.8
2018-06-19,1.5,1.63,1109.1
2018-06-20,1.5,1.63,1105.1
2018-06-21,1.5,1.63,1112.8
2018-06-22,1.5,1.63,1107.4
2018-06-25,1.5,1.63,1117.2
2018-06-26,1.5,1.63,1114.8
2018-06-27,1.5,1.63,1117.6
2018-06-28,1.5,1.63,1124.2
2018-06-29,1.5,1.63,1114.5
2018-07-02,1.5,1.61,1120.0
2018-07-03,1.5,1.61,1118.7
2018-07-04,1.5,1.61,1114.5
2018-07-05,1.5,1.61,1118.6
2018-07-06,1.5,1.61,1115.9
2018-07-09,1.5,1.61,1112.2
2018-07-10,1.5,1.61,1116.0
2018-07-11,1.5,1.61,1120.0
2018-07-12,1.5,1.61,1125.9
2018-07-13,1.5,1.61,1123.5
2018-07-16,1.5,1.64,1129.2
2018-07-17,1.5,1.64,1124.1
2018-07-18,1.5,1.64,1132.3
2018-07-19,1.5,1.64,1133.2
2018-07-20,1.5,1.64,1133.7
2018-07-23,1.5,1.6,1131.4
2018-07-24,1.5,1.6,1135.2
2018-07-25,1.5,1.6,1126.3
2018-07-26,1.5,1.6,1119.3
2018-07-27,1.5,1.6,1118.1
2018-07-30,1.5,1.62,1120.2
2018-07-31,1.5,1.62,1118.7
2018-08-01,1.5,1.62,1120.6
2018-08-02,1.5,1.62,1126.1
2018-08-03,1.5,1.62,1127.6
2018-08-06,1.5,1.62,1124.0
2018-08-07,1.5,1.62,1123.8
2018-08-08,1.5,1.62,1119.9
2018-08-09,1.5,1.62,1117.2
2018-08-10,1.5,1.62,1128.9
2018-08-13,1.5,1.63,1133.9
2018-08-14,1.5,1.63,1127.9
2018-08-16,1.5,1.63,1130.1
2018-08-17,1.5,1.63,1124.9
2018-08-20,1.5,1.63,1123.1
2018-08-21,1.5,1.63,1118.4
2018-08-22,1.5,1.63,1118.9
2018-08-23,1.5,1.63,1121.4
2018-08-24,1.5,1.63,1118.9
2018-08-27,1.5,1.62,1113.8
2018-08-28,1.5,1.62,1110.0
2018-08-29,1.5,1.62,1110.2
2018-08-30,1.5,1.62,1108.6
2018-08-31,1.5,1.62,1112.9
2018-09-03,1.5,1.62,1110.3
2018-09-04,1.5,1.62,1114.9
2018-09-05,1.5,1.62,1121.5
2018-09-06,1.5,1.62,1124.0
2018-09-07,1.5,1.62,1122.8
2018-09-10,1.5,1.66,1128.4
2018-09-11,1.5,1.66,1125.3
2018-09-12,1.5,1.66,1128.6
2018-09-13,1.5,1.66,1122.4
2018-09-14,1.5,1.66,1116.6
2018-09-17,1.5,1.66,1126.6
2018-09-18,1.5,1.66,1123.2
2018-09-19,1.5,1.66,1121.1
2018-09-20,1.5,1.66,1120.4
2018-09-21,1.5,1.66,1115.3
2018-09-27,1.5,1.66,1112.5
2018-09-28,1.5,1.66,1109.3
2018-10-01,1.5,1.65,1111.8
2018-10-02,1.5,1.65,1119.2
2018-10-04,1.5,1.65,1129.9
2018-10-05,1.5,1.65,1130.4
2018-10-08,1.5,1.66,1132.7
2018-10-10,1.5,1.66,1134.0
2018-10-11,1.5,1.66,1144.4
2018-10-12,1.5,1.66,1131.4
2018-10-15,1.5,1.71,1134.3
2018-10-16,1.5,1.71,1128.0
2018-10-17,1.5,1.71,1126.5
2018-10-18,1.5,1.71,1135.2
2018-10-19,1.5,1.71,1132.1
2018-10-22,1.5,1.74,1128.4
2018-10-23,1.5,1.74,1137.6
2018-10-24,1.5,1.74,1132.3
2018-10-25,1.5,1.74,1138.0
2018-10-26,1.5,1.74,1141.9
2018-10-29,1.5,1.72,1141.4
2018-10-30,1.5,1.72,1139.2
2018-10-31,1.5,1.72,1139.6
2018-11-01,1.5,1.72,1138.1
2018-11-02,1.5,1.72,1121.6
2018-11-05,1.5,1.72,1123.5
2018-11-06,1.5,1.72,1123.8
2018-11-07,1.5,1.72,1123.3
2018-11-08,1.5,1.72,1117.3
2018-11-09,1.5,1.72,1128.3
2018-11-12,1.5,1.74,1133.9
2018-11-13,1.5,1.74,1133.3
2018-11-14,1.5,1.74,1134.3
2018-11-15,1.5,1.74,1129.2
2018-11-16,1.5,1.74,1128.5
2018-11-19,1.5,1.76,1128.6
2018-11-20,1.5,1.76,1125.8
2018-11-21,1.5,1.76,1131.6
2018-11-22,1.5,1.76,1129.2
2018-11-23,1.5,1.76,1130.5
2018-11-26,1.5,1.72,1128.9
2018-11-27,1.5,1.72,1129.4
2018-11-28,1.5,1.72,1126.5
2018-11-29,1.5,1.72,1119.2
2018-11-30,1.75,1.72,1121.2
2018-12-03,1.75,1.87,1110.7
2018-12-04,1.75,1.87,1105.3
2018-12-05,1.75,1.87,1114.1
2018-12-06,1.75,1.87,1120.3
2018-12-07,1.75,1.87,1119.8
2018-12-10,1.75,1.88,1126.5
2018-12-11,1.75,1.88,1130.1
2018-12-12,1.75,1.88,1128.5
2018-12-13,1.75,1.88,1123.4
2018-12-14,1.75,1.88,1130.8
2018-12-17,1.75,1.96,1131.3
2018-12-18,1.75,1.96,1129.6
2018-12-19,1.75,1.96,1123.5
2018-12-20,1.75,1.96,1127.8
2018-12-21,1.75,1.96,1122.4
2018-12-24,1.75,1.94,1125.2
2018-12-26,1.75,1.94,1125.4
2018-12-27,1.75,1.94,1120.0
2018-12-28,1.75,1.94,1115.7
2019-01-02,1.75,1.93,1119.0
2019-01-03,1.75,1.93,1127.7
2019-01-04,1.75,1.93,1124.5
2019-01-07,1.75,1.89,1118.6
2019-01-08,1.75,1.89,1124.1
2019-01-09,1.75,1.89,1122.1
2019-01-10,1.75,1.89,1118.3
2019-01-11,1.75,1.89,1116.4
2019-01-14,1.75,1.87,1123.0
2019-01-15,1.75,1.87,1120.7
2019-01-16,1.75,1.87,1120.1
2019-01-17,1.75,1.87,1122.5
2019-01-18,1.75,1.87,1121.9
2019-01-21,1.75,1.9,1128.1
2019-01-22,1.75,1.9,1130.5
2019-01-23,1.75,1.9,1127.3
2019-01-24,1.75,1.9,1128.6
2019-01-25,1.75,1.9,1121.3
2019-01-28,1.75,1.87,1117.7
2019-01-29,1.75,1.87,1116.5
2019-01-30,1.75,1.87,1116.3
2019-01-31,1.75,1.87,1112.7
2019-02-01,1.75,1.87,1118.8
2019-02-07,1.75,1.87,1124.1
2019-02-08,1.75,1.87,1123.9
2019-02-11,1.75,1.86,1124.7
2019-02-12,1.75,1.86,1123.9
2019-02-13,1.75,1.86,1121.7
2019-02-14,1.75,1.86,1125.1
2019-02-15,1.75,1.86,1128.7
2019-02-18,1.75,1.88,1125.8
2019-02-19,1.75,1.88,1128.2
2019-02-20,1.75,1.88,1123.5
2019-02-21,1.75,1.88,1125.2
2019-02-22,1.75,1.88,1125.2
2019-02-25,1.75,1.88,1121.0
2019-02-26,1.75,1.88,1118.6
2019-02-27,1.75,1.88,1119.1
2019-02-28,1.75,1.88,1124.7
2019-03-04,1.75,1.86,1124.9
2019-03-05,1.75,1.86,1125.5
2019-03-06,1.75,1.86,1128.8
2019-03-07,1.75,1.86,1129.0
2019-03-08,1.75,1.86,1136.2
2019-03-11,1.75,1.85,1133.7
2019-03-12,1.75,1.85,1129.8
2019-03-13,1.75,1.85,1132.6
2019-03-14,1.75,1.85,1134.8
2019-03-15,1.75,1.85,1137.3
2019-03-18,1.75,1.88,1132.1
2019-03-19,1.75,1.88,1130.6
2019-03-20,1.75,1.88,1130.4
2019-03-21,1.75,1.88,1127.7
2019-03-22,1.75,1.88,1130.1
2019-03-25,1.75,1.86,1134.2
2019-03-26,1.75,1.86,1133.4
2019-03-27,1.75,1.86,1134.5
2019-03-28,1.75,1.86,1136.8
2019-03-29,1.75,1.86,1135.1
2019-04-01,1.75,1.84,1133.7
2019-04-02,1.75,1.84,1136.4
2019-04-03,1.75,1.84,1134.3
2019-04-04,1.75,1.84,1136.3
2019-04-05,1.75,1.84,1136.6
2019-04-08,1.75,1.83,1144.7
2019-04-09,1.75,1.83,1142.1
2019-04-10,1.75,1.83,1138.6
2019-04-11,1.75,1.83,1139.4
2019-04-12,1.75,1.83,1139.4
2019-04-15,1.75,1.8,1133.1
2019-04-16,1.75,1.8,1135.7
2019-04-17,1.75,1.8,1134.8
2019-04-18,1.75,1.8,1136.9
2019-04-19,1.75,1.8,1136.9
2019-04-22,1.75,1.85,1141.5
2019-04-23,1.75,1.85,1141.8
2019-04-24,1.75,1.85,1150.9
2019-04-25,1.75,1.85,1160.5
2019-04-26,1.75,1.85,1161.0
2019-04-29,1.75,1.82,1158.5
2019-04-30,1.75,1.82,1168.2
2019-05-02,1.75,1.82,1165.7
2019-05-03,1.75,1.82,1170.0
2019-05-07,1.75,1.87,1166.5
2019-05-08,1.75,1.87,1169.4
2019-05-09,1.75,1.87,1179.8
2019-05-10,1.75,1.87,1177.0
2019-05-13,1.75,1.83,1187.5
2019-05-14,1.75,1.83,1189.4
2019-05-15,1.75,1.83,1188.6
2019-05-16,1.75,1.83,1191.5
2019-05-17,1.75,1.83,1195.7
2019-05-20,1.75,1.85,1194.2
2019-05-21,1.75,1.85,1194.0
2019-05-22,1.75,1.85,1192.8
2019-05-23,1.75,1.85,1189.2
2019-05-24,1.75,1.85,1188.4
2019-05-27,1.75,1.83,1184.5
2019-05-28,1.75,1.83,1185.8
2019-05-29,1.75,1.83,1193.9
2019-05-30,1.75,1.83,1188.8
2019-05-31,1.75,1.83,1190.9
2019-06-03,1.75,1.83,1182.1
2019-06-04,1.75,1.83,1182.8
2019-06-05,1.75,1.83,1178.6
2019-06-07,1.75,1.83,1181.4
2019-06-10,1.75,1.77,1185.2
2019-06-11,1.75,1.77,1180.4
2019-06-12,1.75,1.77,1182.6
2019-06-13,1.75,1.77,1183.1
2019-06-14,1.75,1.77,1185.3
2019-06-17,1.75,1.77,1186.5
2019-06-18,1.75,1.77,1185.8
2019-06-19,1.75,1.77,1176.1
2019-06-20,1.75,1.77,1162.1
2019-06-21,1.75,1.77,1164.0
2019-06-24,1.75,1.74,1156.5
2019-06-25,1.75,1.74,1156.2
2019-06-26,1.75,1.74,1156.6
2019-06-27,1.75,1.74,1158.1
2019-06-28,1.75,1.74,1154.7
2019-07-01,1.75,1.76,1158.8
2019-07-02,1.75,1.76,1166.0
2019-07-03,1.75,1.76,1171.3
2019-07-04,1.75,1.76,1168.6
2019-07-05,1.75,1.76,1170.4
2019-07-08,1.75,1.74,1182.0
2019-07-09,1.75,1.74,1180.5
2019-07-10,1.75,1.74,1181.6
2019-07-11,1.75,1.74,1173.5
2019-07-12,1.75,1.74,1179.2
2019-07-15,1.75,1.71,1179.3
2019-07-16,1.75,1.71,1177.6
2019-07-17,1.75,1.71,1181.3
2019-07-18,1.5,1.71,1178.8
2019-07-19,1.5,1.71,1174.5
2019-07-22,1.5,1.62,1178.3
2019-07-23,1.5,1.62,1178.9
2019-07-24,1.5,1.62,1177.9
2019-07-25,1.5,1.62,1181.5
2019-07-26,1.5,1.62,1184.8
2019-07-29,1.5,1.55,1183.5
2019-07-30,1.5,1.55,1181.6
2019-07-31,1.5,1.55,1183.1
2019-08-01,1.5,1.55,1188.5
2019-08-02,1.5,1.55,1198.0
2019-08-05,1.5,1.57,1215.3
2019-08-06,1.5,1.57,1215.3
2019-08-07,1.5,1.57,1214.9
2019-08-08,1.5,1.57,1209.2
2019-08-09,1.5,1.57,1210.5
2019-08-12,1.5,1.55,1216.2
2019-08-13,1.5,1.55,1222.2
2019-08-14,1.5,1.55,1212.7
2019-08-16,1.5,1.55,1210.8
2019-08-19,1.5,1.54,1211.0
2019-08-20,1.5,1.54,1208.3
2019-08-21,1.5,1.54,1202.5
2019-08-22,1.5,1.54,1207.4
2019-08-23,1.5,1.54,1210.6
2019-08-26,1.5,1.51,1217.8
2019-08-27,1.5,1.51,1211.2
2019-08-28,1.5,1.51,1213.9
2019-08-29,1.5,1.51,1216.4
2019-08-30,1.5,1.51,1211.2
2019-09-02,1.5,1.55,1210.8
2019-09-03,1.5,1.55,1215.6
2019-09-04,1.5,1.55,1208.2
2019-09-05,1.5,1.55,1200.2
2019-09-06,1.5,1.55,1196.9
2019-09-09,1.5,1.54,1193.0
2019-09-10,1.5,1.54,1193.3
2019-09-11,1.5,1.54,1191.0
2019-09-16,1.5,1.56,1183.1
2019-09-17,1.5,1.56,1190.7
2019-09-18,1.5,1.56,1191.3
2019-09-19,1.5,1.56,1193.6
2019-09-20,1.5,1.56,1188.0
2019-09-23,1.5,1.51,1194.0
2019-09-24,1.5,1.51,1195.7
2019-09-25,1.5,1.51,1198.8
2019-09-26,1.5,1.51,1198.8
2019-09-27,1.5,1.51,1199.9
2019-09-30,1.5,1.52,1196.2
2019-10-01,1.5,1.52,1199.0
2019-10-02,1.5,1.52,1206.0
2019-10-04,1.5,1.52,1196.8
2019-10-07,1.5,1.55,1196.6
2019-10-08,1.5,1.55,1193.1
2019-10-10,1.5,1.55,1196.2
2019-10-11,1.5,1.55,1188.8
2019-10-14,1.5,1.53,1184.9
2019-10-15,1.5,1.53,1185.2
2019-10-16,1.25,1.53,1187.8
2019-10-17,1.25,1.53,1187.0
2019-10-18,1.25,1.53,1181.5
2019-10-21,1.25,1.41,1172.0
2019-10-22,1.25,1.41,1169.7
2019-10-23,1.25,1.41,1172.4
2019-10-24,1.25,1.41,1172.9
2019-10-25,1.25,1.41,1173.0
2019-10-28,1.25,1.45,1170.7
2019-10-29,1.25,1.45,1163.0
2019-10-30,1.25,1.45,1168.1
2019-10-31,1.25,1.45,1163.4
2019-11-01,1.25,1.45,1165.6
2019-11-04,1.25,1.48,1159.2
2019-11-05,1.25,1.48,1157.5
2019-11-06,1.25,1.48,1156.9
2019-11-07,1.25,1.48,1159.3
2019-11-08,1.25,1.48,1157.5
2019-11-11,1.25,1.56,1166.8
2019-11-12,1.25,1.56,1160.8
2019-11-13,1.25,1.56,1167.8
2019-11-14,1.25,1.56,1169.7
2019-11-15,1.25,1.56,1166.6
2019-11-18,1.25,1.52,1164.5
2019-11-19,1.25,1.52,1167.6
2019-11-20,1.25,1.52,1170.1
2019-11-21,1.25,1.52,1178.1
2019-11-22,1.25,1.52,1178.9
2019-11-25,1.25,1.54,1176.0
2019-11-26,1.25,1.54,1176.7
2019-11-27,1.25,1.54,1177.2
2019-11-28,1.25,1.54,1179.0
2019-11-29,1.25,1.54,1181.2
2019-12-02,1.25,1.52,1183.1
2019-12-03,1.25,1.52,1187.2
2019-12-04,1.25,1.52,1194.3
2019-12-05,1.25,1.52,1190.2
2019-12-06,1.25,1.52,1189.6
2019-12-09,1.25,1.52,1189.9
2019-12-10,1.25,1.52,1191.3
2019-12-11,1.25,1.52,1194.7
2019-12-12,1.25,1.52,1186.8
2019-12-13,1.25,1.52,1171.7
2019-12-16,1.25,1.54,1172.3
2019-12-17,1.25,1.54,1166.2
2019-12-18,1.25,1.54,1168.8
2019-12-19,1.25,1.54,1165.6
2019-12-20,1.25,1.54,1160.6
2019-12-23,1.25,1.53,1164.3
2019-12-24,1.25,1.53,1163.9
2019-12-26,1.25,1.53,1161.8
2019-12-27,1.25,1.53,1161.5
2019-12-30,1.25,1.48,1156.4
2020-01-02,1.25,1.48,1158.1
2020-01-03,1.25,1.48,1167.1
2020-01-06,1.25,1.5,1172.1
2020-01-07,1.25,1.5,1166.4
2020-01-08,1.25,1.5,1170.8
2020-01-09,1.25,1.5,1159.1
2020-01-10,1.25,1.5,1161.3
2020-01-13,1.25,1.48,1156.0
2020-01-14,1.25,1.48,1156.1
2020-01-15,1.25,1.48,1157.0
2020-01-16,1.25,1.48,1161.1
2020-01-17,1.25,1.48,1159.4
2020-01-20,1.25,1.44,1158.1
2020-01-21,1.25,1.44,1167.0
2020-01-22,1.25,1.44,1164.6
2020-01-23,1.25,1.44,1168.7
2020-01-28,1.25,1.44,1176.7
2020-01-29,1.25,1.44,1177.2
2020-01-30,1.25,1.44,1185.0
2020-01-31,1.25,1.44,1191.8
2020-02-03,1.25,1.38,1195.0
2020-02-04,1.25,1.38,1187.4
2020-02-05,1.25,1.38,1191.5
2020-02-06,1.25,1.38,1179.8
2020-02-07,1.25,1.38,1186.5
2020-02-10,1.25,1.39,1187.1
2020-02-11,1.25,1.39,1181.6
2020-02-12,1.25,1.39,1179.5
2020-02-13,1.25,1.39,1182.8
2020-02-14,1.25,1.39,1183.0
2020-02-17,1.25,1.38,1183.9
2020-02-18,1.25,1.38,1189.5
2020-02-19,1.25,1.38,1189.3
2020-02-20,1.25,1.38,1198.7
2020-02-21,1.25,1.38,1209.2
2020-02-24,1.25,1.35,1220.2
2020-02-25,1.25,1.35,1210.3
2020-02-26,1.25,1.35,1216.9
2020-02-27,1.25,1.35,1217.2
2020-02-28,1.25,1.35,1213.7
2020-03-02,1.25,1.29,1193.7
2020-03-03,1.25,1.29,1195.2
2020-03-04,1.25,1.29,1187.8
2020-03-05,1.25,1.29,1181.2
2020-03-06,1.25,1.29,1192.3
2020-03-09,1.25,1.25,1204.2
2020-03-10,1.25,1.25,1193.2
2020-03-11,1.25,1.25,1193.0
2020-03-12,1.25,1.25,1206.5
2020-03-13,1.25,1.25,1219.3
2020-03-16,1.25,1.15,1226.0
2020-03-17,0.75,1.15,1243.5
2020-03-18,0.75,1.15,1245.7
2020-03-19,0.75,1.15,1285.7
2020-03-20,0.75,1.15,1246.5
2020-03-23,0.75,1.12,1266.5
2020-03-24,0.75,1.12,1249.6
2020-03-25,0.75,1.12,1229.9
2020-03-26,0.75,1.12,1232.8
2020-03-27,0.75,1.12,1210.6
2020-03-30,0.75,1.19,1224.4
2020-03-31,0.75,1.19,1217.4
2020-04-01,0.75,1.19,1230.5
2020-04-02,0.75,1.19,1228.3
2020-04-03,0.75,1.19,1230.9
2020-04-06,0.75,1.21,1229.3
2020-04-07,0.75,1.21,1221.2
2020-04-08,0.75,1.21,1220.9
2020-04-09,0.75,1.21,1219.5
2020-04-10,0.75,1.21,1208.8
2020-04-13,0.75,1.18,1217.9
2020-04-14,0.75,1.18,1217.3
2020-04-16,0.75,1.18,1228.7
2020-04-17,0.75,1.18,1217.9
2020-04-20,0.75,1.1,1220.5
2020-04-21,0.75,1.1,1229.7
2020-04-22,0.75,1.1,1232.2
2020-04-23,0.75,1.1,1229.7
2020-04-24,0.75,1.1,1235.5
2020-04-27,0.75,1.13,1226.2
2020-04-28,0.75,1.13,1225.2
2020-04-29,0.75,1.13,1218.2
2020-05-04,0.75,1.08,1229.1
2020-05-06,0.75,1.08,1222.1
2020-05-07,0.75,1.08,1225.0
2020-05-08,0.75,1.08,1219.9
2020-05-11,0.75,1.07,1220.5
2020-05-12,0.75,1.07,1224.8
2020-05-13,0.75,1.07,1223.8
2020-05-14,0.75,1.07,1228.0
2020-05-15,0.75,1.07,1231.0
2020-05-18,0.75,0.99,1232.4
2020-05-19,0.75,0.99,1225.3
2020-05-20,0.75,0.99,1230.3
2020-05-21,0.75,0.99,1230.9
2020-05-22,0.75,0.99,1237.0
2020-05-25,0.75,1.0,1244.2
2020-05-26,0.75,1.0,1234.3
2020-05-27,0.75,1.0,1234.4
2020-05-28,0.5,1.0,1239.6
2020-05-29,0.5,1.0,1238.5
2020-06-01,0.5,0.82,1225.0
2020-06-02,0.5,0.82,1225.4
2020-06-03,0.5,0.82,1216.8
2020-06-04,0.5,0.82,1218.7
2020-06-05,0.5,0.82,1207.1
2020-06-08,0.5,0.84,1204.8
2020-06-09,0.5,0.84,1197.7
2020-06-10,0.5,0.84,1191.2
2020-06-11,0.5,0.84,1196.4
2020-06-12,0.5,0.84,1203.8
2020-06-15,0.5,0.76,1216.0
2020-06-16,0.5,0.76,1207.0
2020-06-17,0.5,0.76,1213.9
2020-06-18,0.5,0.76,1208.0
2020-06-19,0.5,0.76,1209.6
2020-06-22,0.5,0.78,1215.8
2020-06-23,0.5,0.78,1208.8
2020-06-24,0.5,0.78,1199.4
2020-06-25,0.5,0.78,1204.7
2020-06-26,0.5,0.78,1200.6
2020-06-29,0.5,0.78,1198.6
2020-06-30,0.5,0.78,1203.0
2020-07-01,0.5,0.78,1203.4
2020-07-02,0.5,0.78,1200.0
2020-07-03,0.5,0.78,1198.6
2020-07-06,0.5,0.75,1195.8
2020-07-07,0.5,0.75,1195.7
2020-07-08,0.5,0.75,1195.5
2020-07-09,0.5,0.75,1195.5
2020-07-10,0.5,0.75,1204.5
2020-07-13,0.5,0.77,1200.9
2020-07-14,0.5,0.77,1205.7
2020-07-15,0.5,0.77,1200.5
2020-07-16,0.5,0.77,1205.6
2020-07-17,0.5,0.77,1205.1
2020-07-20,0.5,0.75,1203.2
2020-07-21,0.5,0.75,1197.8
2020-07-22,0.5,0.75,1195.3
2020-07-23,0.5,0.75,1197.3
2020-07-24,0.5,0.75,1201.5
2020-07-27,0.5,0.74,1196.1
2020-07-28,0.5,0.74,1196.9
2020-07-29,0.5,0.74,1193.1
2020-07-30,0.5,0.74,1194.4
2020-07-31,0.5,0.74,1191.3
2020-08-03,0.5,0.72,1193.4
2020-08-04,0.5,0.72,1194.1
2020-08-05,0.5,0.72,1188.8
2020-08-06,0.5,0.72,1183.5
2020-08-07,0.5,0.72,1184.7
2020-08-10,0.5,0.72,1185.6
2020-08-11,0.5,0.72,1185.6
2020-08-12,0.5,0.72,1185.3
2020-08-13,0.5,0.72,1183.3
2020-08-14,0.5,0.72,1184.6
2020-08-18,0.5,0.69,1183.7
2020-08-19,0.5,0.69,1181.2
2020-08-20,0.5,0.69,1186.9
2020-08-21,0.5,0.69,1186.3
2020-08-24,0.5,0.66,1189.1
2020-08-25,0.5,0.66,1185.1
2020-08-26,0.5,0.66,1186.8
2020-08-27,0.5,0.66,1185.0
2020-08-28,0.5,0.66,1184.3
2020-08-31,0.5,0.64,1187.8
2020-09-01,0.5,0.64,1183.0
2020-09-02,0.5,0.64,1185.4
2020-09-03,0.5,0.64,1188.3
2020-09-04,0.5,0.64,1189.6
2020-09-07,0.5,0.68,1188.3
2020-09-08,0.5,0.68,1186.4
2020-09-09,0.5,0.68,1189.1
2020-09-10,0.5,0.68,1184.9
2020-09-11,0.5,0.68,1186.9
2020-09-14,0.5,0.68,1183.5
2020-09-15,0.5,0.68,1179.0
2020-09-16,0.5,0.68,1176.1
2020-09-17,0.5,0.68,1174.4
2020-09-18,0.5,0.68,1160.3
2020-09-21,0.5,0.67,1158.0
2020-09-22,0.5,0.67,1165.0
2020-09-23,0.5,0.67,1164.4
2020-09-24,0.5,0.67,1172.7
2020-09-25,0.5,0.67,1172.3
2020-09-28,0.5,0.67,1173.6
2020-09-29,0.5,0.67,1169.5
2020-10-05,0.5,0.71,1163.4
2020-10-06,0.5,0.71,1161.0
2020-10-07,0.5,0.71,1158.2
2020-10-08,0.5,0.71,1153.3
2020-10-12,0.5,0.69,1146.8
2020-10-13,0.5,0.69,1147.1
2020-10-14,0.5,0.69,1146.9
2020-10-15,0.5,0.69,1143.2
2020-10-16,0.5,0.69,1147.4
2020-10-19,0.5,0.7,1142.0
2020-10-20,0.5,0.7,1139.4
2020-10-21,0.5,0.7,1131.9
2020-10-22,0.5,0.7,1132.9
2020-10-23,0.5,0.7,1132.9
2020-10-26,0.5,0.7,1127.7
2020-10-27,0.5,0.7,1125.5
2020-10-28,0.5,0.7,1130.6
2020-10-29,0.5,0.7,1131.4
2020-10-30,0.5,0.7,1135.1
2020-11-02,0.5,0.71,1133.6
2020-11-03,0.5,0.71,1134.1
2020-11-04,0.5,0.71,1137.7
2020-11-05,0.5,0.71,1128.2
2020-11-06,0.5,0.71,1120.4
2020-11-09,0.5,0.72,1113.9
2020-11-10,0.5,0.72,1115.1
2020-11-11,0.5,0.72,1110.0
2020-11-12,0.5,0.72,1114.8
2020-11-13,0.5,0.72,1115.6
2020-11-16,0.5,0.76,1109.3
2020-11-17,0.5,0.76,1106.6
2020-11-18,0.5,0.76,1103.8
2020-11-19,0.5,0.76,1115.6
2020-11-20,0.5,0.76,1114.3
2020-11-23,0.5,0.72,1110.4
2020-11-24,0.5,0.72,1112.7
2020-11-25,0.5,0.72,1108.9
2020-11-26,0.5,0.72,1104.6
2020-11-27,0.5,0.72,1103.2
2020-11-30,0.5,0.69,1106.5
2020-12-01,0.5,0.69,1106.2
2020-12-02,0.5,0.69,1100.8
2020-12-03,0.5,0.69,1097.0
2020-12-04,0.5,0.69,1082.1
2020-12-07,0.5,0.72,1082.1
2020-12-08,0.5,0.72,1085.4
2020-12-09,0.5,0.72,1084.8
2020-12-10,0.5,0.72,1087.7
2020-12-11,0.5,0.72,1090.3
2020-12-14,0.5,0.72,1091.8
2020-12-15,0.5,0.72,1093.3
2020-12-16,0.5,0.72,1094.0
2020-12-17,0.5,0.72,1093.3
2020-12-18,0.5,0.72,1099.7
2020-12-21,0.5,0.75,1102.7
2020-12-22,0.5,0.75,1107.4
2020-12-23,0.5,0.75,1107.9
2020-12-24,0.5,0.75,1103.0
2020-12-28,0.5,0.7,1096.7
2020-12-29,0.5,0.7,1092.1
2020-12-30,0.5,0.7,1086.3
2021-01-04,0.5,0.72,1082.1
2021-01-05,0.5,0.72,1087.6
2021-01-06,0.5,0.72,1085.6
2021-01-07,0.5,0.72,1087.3
2021-01-08,0.5,0.72,1089.8
2021-01-11,0.5,0.7,1097.3
2021-01-12,0.5,0.7,1099.9
2021-01-13,0.5,0.7,1095.1
2021-01-14,0.5,0.7,1098.0
2021-01-15,0.5,0.7,1099.4
2021-01-18,0.5,0.73,1103.9
2021-01-19,0.5,0.73,1102.9
2021-01-20,0.5,0.73,1100.3
2021-01-21,0.5,0.73,1098.2
2021-01-22,0.5,0.73,1103.2
2021-01-25,0.5,0.69,1100.7
2021-01-26,0.5,0.69,1106.5
2021-01-27,0.5,0.69,1104.4
2021-01-28,0.5,0.69,1119.6
2021-01-29,0.5,0.69,1118.8
2021-02-01,0.5,0.73,1116.5
2021-02-02,0.5,0.73,1117.7
2021-02-03,0.5,0.73,1114.9
2021-02-04,0.5,0.73,1118.5
2021-02-05,0.5,0.73,1123.7
2021-02-08,0.5,0.71,1119.6
2021-02-09,0.5,0.71,1116.6
2021-02-10,0.5,0.71,1107.0
2021-02-15,0.5,0.75,1101.4
2021-02-16,0.5,0.75,1100.1
2021-02-17,0.5,0.75,1107.5
2021-02-18,0.5,0.75,1107.6
2021-02-19,0.5,0.75,1105.9
2021-02-22,0.5,0.74,1110.4
2021-02-23,0.5,0.74,1110.6
2021-02-24,0.5,0.74,1112.2
2021-02-25,0.5,0.74,1107.8
2021-02-26,0.5,0.74,1123.5
2021-03-02,0.5,0.7,1124.0
2021-03-03,0.5,0.7,1120.3
2021-03-04,0.5,0.7,1125.1
2021-03-05,0.5,0.7,1126.1
2021-03-08,0.5,0.74,1133.2
2021-03-09,0.5,0.74,1140.3
2021-03-10,0.5,0.74,1142.7
2021-03-11,0.5,0.74,1135.9
2021-03-12,0.5,0.74,1133.8
2021-03-15,0.5,0.76,1136.3
2021-03-16,0.5,0.76,1129.7
2021-03-17,0.5,0.76,1130.2
2021-03-18,0.5,0.76,1123.7
2021-03-19,0.5,0.76,1130.6
2021-03-22,0.5,0.78,1128.4
2021-03-23,0.5,0.78,1129.7
2021-03-24,0.5,0.78,1133.6
2021-03-25,0.5,0.78,1133.3
2021-03-26,0.5,0.78,1129.3
2021-03-29,0.5,0.74,1131.7
2021-03-30,0.5,0.74,1133.6
2021-03-31,0.5,0.74,1131.8
2021-04-01,0.5,0.74,1131.9
2021-04-02,0.5,0.74,1127.5
2021-04-05,0.5,0.73,1127.7
2021-04-06,0.5,0.73,1119.6
2021-04-07,0.5,0.73,1116.3
2021-04-08,0.5,0.73,1117.2
2021-04-09,0.5,0.73,1121.2
2021-04-12,0.5,0.74,1124.9
2021-04-13,0.5,0.74,1125.9
2021-04-14,0.5,0.74,1116.6
2021-04-15,0.5,0.74,1117.6
2021-04-16,0.5,0.74,1116.3
2021-04-19,0.5,0.75,1117.2
2021-04-20,0.5,0.75,1112.3
2021-04-21,0.5,0.75,1118.6
2021-04-22,0.5,0.75,1117.3
2021-04-23,0.5,0.75,1117.8
2021-04-26,0.5,0.72,1113.2
2021-04-27,0.5,0.72,1110.4
2021-04-28,0.5,0.72,1113.0
2021-04-29,0.5,0.72,1108.2
2021-04-30,0.5,0.72,1112.3
2021-05-03,0.5,0.79,1124.0
2021-05-04,0.5,0.79,1122.6
2021-05-06,0.5,0.79,1125.8
2021-05-07,0.5,0.79,1121.3
2021-05-10,0.5,0.74,1113.8
2021-05-11,0.5,0.74,1119.6
2021-05-12,0.5,0.74,1124.7
2021-05-13,0.5,0.74,1129.3
2021-05-14,0.5,0.74,1128.6
2021-05-17,0.5,0.74,1134.8
2021-05-18,0.5,0.74,1130.5
2021-05-20,0.5,0.74,1132.0
2021-05-21,0.5,0.74,1127.0
2021-05-24,0.5,0.71,1127.1
2021-05-25,0.5,0.71,1122.0
2021-05-26,0.5,0.71,1116.9
2021-05-27,0.5,0.71,1118.1
2021-05-28,0.5,0.71,1115.5
2021-05-31,0.5,0.68,1110.9
2021-06-01,0.5,0.68,1105.9
2021-06-02,0.5,0.68,1113.3
2021-06-03,0.5,0.68,1113.6
2021-06-04,0.5,0.68,1116.5
2021-06-07,0.5,0.7,1112.9
2021-06-08,0.5,0.7,1114.2
2021-06-09,0.5,0.7,1115.4
2021-06-10,0.5,0.7,1115.8
2021-06-11,0.5,0.7,1110.8
2021-06-14,0.5,0.73,1116.7
2021-06-15,0.5,0.73,1117.0
2021-06-16,0.5,0.73,1117.2
2021-06-17,0.5,0.73,1130.4
2021-06-18,0.5,0.73,1132.3
2021-06-21,0.5,0.75,1134.7
2021-06-22,0.5,0.75,1131.9
2021-06-23,0.5,0.75,1137.7
2021-06-24,0.5,0.75,1134.9
2021-06-25,0.5,0.75,1127.7
2021-06-28,0.5,0.76,1130.3
2021-06-29,0.5,0.76,1128.5
2021-06-30,0.5,0.76,1126.1
2021-07-01,0.5,0.76,1133.1
2021-07-02,0.5,0.76,1135.0
2021-07-05,0.5,0.74,1131.8
2021-07-06,0.5,0.74,1129.7
2021-07-07,0.5,0.74,1138.1
2021-07-08,0.5,0.74,1145.0
2021-07-09,0.5,0.74,1149.1
2021-07-12,0.5,0.72,1147.0
2021-07-13,0.5,0.72,1145.4
2021-07-14,0.5,0.72,1148.5
2021-07-15,0.5,0.72,1141.5
2021-07-16,0.5,0.72,1139.5
2021-07-19,0.5,0.74,1147.8
2021-07-20,0.5,0.74,1150.4
2021-07-21,0.5,0.74,1154.0
2021-07-22,0.5,0.74,1149.9
2021-07-23,0.5,0.74,1150.8
2021-07-26,0.5,0.73,1155.0
2021-07-27,0.5,0.73,1150.1
2021-07-28,0.5,0.73,1154.6
2021-07-29,0.5,0.73,1146.5
2021-07-30,0.5,0.73,1150.3
2021-08-02,0.5,0.73,1150.9
2021-08-03,0.5,0.73,1148.3
2021-08-04,0.5,0.73,1143.6
2021-08-05,0.5,0.73,1143.7
2021-08-06,0.5,0.73,1142.1
2021-08-09,0.5,0.74,1144.3
2021-08-10,0.5,0.74,1149.8
2021-08-11,0.5,0.74,1156.4
2021-08-12,0.5,0.74,1161.2
2021-08-13,0.5,0.74,1169.0
2021-08-17,0.5,0.79,1176.3
2021-08-18,0.5,0.79,1168.0
2021-08-19,0.5,0.79,1176.2
2021-08-20,0.5,0.79,1179.6
2021-08-23,0.5,0.81,1173.7
2021-08-24,0.5,0.81,1165.6
2021-08-25,0.5,0.81,1168.1
2021-08-26,0.75,0.81,1170.5
2021-08-27,0.75,0.81,1169.2
2021-08-30,0.75,0.9,1167.0
2021-08-31,0.75,0.9,1159.5
2021-09-01,0.75,0.9,1157.2
2021-09-02,0.75,0.9,1161.5
2021-09-03,0.75,0.9,1157.0
2021-09-06,0.75,0.88,1156.5
2021-09-07,0.75,0.88,1157.8
2021-09-08,0.75,0.88,1166.7
2021-09-09,0.75,0.88,1169.2
2021-09-10,0.75,0.88,1169.1
2021-09-13,0.75,0.98,1176.0
2021-09-14,0.75,0.98,1170.8
2021-09-15,0.75,0.98,1170.5
2021-09-16,0.75,0.98,1171.8
2021-09-17,0.75,0.98,1175.0
2021-09-23,0.75,0.98,1175.5
2021-09-24,0.75,0.98,1176.5
2021-09-27,0.75,0.99,1176.8
2021-09-28,0.75,0.99,1184.4
2021-09-29,0.75,0.99,1181.8
2021-09-30,0.75,0.99,1184.0
2021-10-01,0.75,0.99,1188.7
2021-10-05,0.75,1.04,1188.7
2021-10-06,0.75,1.04,1192.3
2021-10-07,0.75,1.04,1190.4
2021-10-08,0.75,1.04,1194.6
2021-10-12,0.75,1.01,1198.8
2021-10-13,0.75,1.01,1193.8
2021-10-14,0.75,1.01,1186.8
2021-10-15,0.75,1.01,1182.4
2021-10-18,0.75,1.07,1187.6
2021-10-19,0.75,1.07,1178.7
2021-10-20,0.75,1.07,1174.2
2021-10-21,0.75,1.07,1177.2
2021-10-22,0.75,1.07,1177.1
2021-10-25,0.75,1.18,1168.4
2021-10-26,0.75,1.18,1167.6
2021-10-27,0.75,1.18,1170.0
2021-10-28,0.75,1.18,1169.7
2021-10-29,0.75,1.18,1168.6
2021-11-01,0.75,1.13,1176.5
2021-11-02,0.75,1.13,1174.4
2021-11-03,0.75,1.13,1181.6
2021-11-04,0.75,1.13,1182.6
2021-11-05,0.75,1.13,1185.2
2021-11-08,0.75,1.25,1183.1
2021-11-09,0.75,1.25,1177.2
2021-11-10,0.75,1.25,1180.9
2021-11-11,0.75,1.25,1180.8
2021-11-12,0.75,1.25,1179.6
2021-11-15,0.75,1.28,1178.4
2021-11-16,0.75,1.28,1179.9
2021-11-17,0.75,1.28,1182.5
2021-11-18,0.75,1.28,1180.4
2021-11-19,0.75,1.28,1185.3
2021-11-22,0.75,1.25,1185.1
2021-11-23,0.75,1.25,1189.7
2021-11-24,0.75,1.25,1186.5
2021-11-25,1.0,1.25,1190.2
2021-11-26,1.0,1.25,1193.3
2021-11-29,1.0,1.47,1193.0
2021-11-30,1.0,1.47,1187.9
2021-12-01,1.0,1.47,1179.2
2021-12-02,1.0,1.47,1175.9
2021-12-03,1.0,1.47,1180.1
2021-12-06,1.0,1.4,1183.0
2021-12-07,1.0,1.4,1179.5
2021-12-08,1.0,1.4,1175.9
2021-12-09,1.0,1.4,1174.5
2021-12-10,1.0,1.4,1181.3
2021-12-13,1.0,1.48,1180.8
2021-12-14,1.0,1.48,1182.6
2021-12-15,1.0,1.48,1185.2
2021-12-16,1.0,1.48,1183.9
2021-12-17,1.0,1.48,1180.9
2021-12-20,1.0,1.49,1190.8
2021-12-21,1.0,1.49,1192.9
2021-12-22,1.0,1.49,1192.0
2021-12-23,1.0,1.49,1187.9
2021-12-24,1.0,1.49,1186.6
2021-12-27,1.0,1.45,1186.8
2021-12-28,1.0,1.45,1188.0
2021-12-29,1.0,1.45,1186.5
2021-12-30,1.0,1.45,1188.8
2022-01-03,1.0,1.45,1191.8
2022-01-04,1.0,1.45,1194.1
2022-01-05,1.0,1.45,1196.9
2022-01-06,1.0,1.45,1200.9
2022-01-07,1.0,1.45,1201.5
2022-01-10,1.0,1.4,1199.1
2022-01-11,1.0,1.4,1194.8
2022-01-12,1.0,1.4,1190.5
2022-01-13,1.0,1.4,1187.5
2022-01-14,1.25,1.4,1187.3
2022-01-17,1.25,1.56,1192.7
2022-01-18,1.25,1.56,1190.1
2022-01-19,1.25,1.56,1191.7
2022-01-20,1.25,1.56,1192.4
2022-01-21,1.25,1.56,1194.0
2022-01-24,1.25,1.52,1196.1
2022-01-25,1.25,1.52,1198.6
2022-01-26,1.25,1.52,1197.7
2022-01-27,1.25,1.52,1202.8
2022-01-28,1.25,1.52,1205.5
2022-02-03,1.25,1.52,1206.4
2022-02-04,1.25,1.52,1197.0
2022-02-07,1.25,1.62,1200.7
2022-02-08,1.25,1.62,1197.7
2022-02-09,1.25,1.62,1196.5
2022-02-10,1.25,1.62,1196.5
2022-02-11,1.25,1.62,1198.5
2022-02-14,1.25,1.55,1191.1
2022-02-15,1.25,1.55,1199.8
2022-02-16,1.25,1.55,1197.6
2022-02-17,1.25,1.55,1197.1
2022-02-18,1.25,1.55,1195.9
2022-02-21,1.25,1.54,1192.1
2022-02-22,1.25,1.54,1192.7
2022-02-23,1.25,1.54,1193.6
2022-02-24,1.25,1.54,1202.4
2022-02-25,1.25,1.54,1201.6
2022-02-28,1.25,1.57,1202.3
2022-03-02,1.25,1.57,1206.1
2022-03-03,1.25,1.57,1204.6
2022-03-04,1.25,1.57,1214.2
2022-03-07,1.25,1.57,1227.1
2022-03-08,1.25,1.57,1237.0
2022-03-10,1.25,1.57,1228.3
2022-03-11,1.25,1.57,1232.0
2022-03-14,1.25,1.61,1242.3
2022-03-15,1.25,1.61,1242.8
2022-03-16,1.25,1.61,1235.7
2022-03-17,1.25,1.61,1214.3
2022-03-18,1.25,1.61,1207.6
2022-03-21,1.25,1.54,1216.3
2022-03-22,1.25,1.54,1218.1
2022-03-23,1.25,1.54,1213.8
2022-03-24,1.25,1.54,1218.8
2022-03-25,1.25,1.54,1218.8
2022-03-28,1.25,1.52,1227.3
2022-03-29,1.25,1.52,1219.8
2022-03-30,1.25,1.52,1209.6
2022-03-31,1.25,1.52,1212.1
2022-04-01,1.25,1.52,1215.5
2022-04-04,1.25,1.55,1214.4
2022-04-05,1.25,1.55,1212.7
2022-04-06,1.25,1.55,1218.3
2022-04-07,1.25,1.55,1219.5
2022-04-08,1.25,1.55,1225.1
2022-04-11,1.25,1.54,1233.1
2022-04-12,1.25,1.54,1236.2
2022-04-13,1.25,1.54,1228.0
2022-04-14,1.5,1.54,1224.7
2022-04-15,1.5,1.54,1229.6
2022-04-18,1.5,1.7,1234.4
2022-04-19,1.5,1.7,1236.9
2022-04-20,1.5,1.7,1236.1
2022-04-21,1.5,1.7,1239.0
2022-04-22,1.5,1.7,1239.1
2022-04-25,1.5,1.69,1249.9
2022-04-26,1.5,1.69,1250.8
2022-04-27,1.5,1.69,1265.2
2022-04-28,1.5,1.69,1272.5
2022-04-29,1.5,1.69,1255.9
2022-05-02,1.5,1.7,1265.1
2022-05-03,1.5,1.7,1267.8
2022-05-04,1.5,1.7,1266.3
2022-05-06,1.5,1.7,1272.7
2022-05-09,1.5,1.81,1274.0
2022-05-10,1.5,1.81,1276.4
2022-05-11,1.5,1.81,1275.5
2022-05-12,1.5,1.81,1288.6
2022-05-13,1.5,1.81,1284.2
2022-05-16,1.5,1.8,1284.1
2022-05-17,1.5,1.8,1275.0
2022-05-18,1.5,1.8,1266.6
2022-05-19,1.5,1.8,1277.7
2022-05-20,1.5,1.8,1268.1
2022-05-23,1.5,1.82,1264.1
2022-05-24,1.5,1.82,1266.2
2022-05-25,1.5,1.82,1264.6
2022-05-26,1.75,1.82,1267.0
2022-05-27,1.75,1.82,1256.2
2022-05-30,1.75,1.97,1238.6
2022-05-31,1.75,1.97,1237.2
2022-06-02,1.75,1.97,1252.1
2022-06-03,1.75,1.97,1242.7
2022-06-07,1.75,1.99,1257.7
2022-06-08,1.75,1.99,1253.8
2022-06-09,1.75,1.99,1256.9
2022-06-10,1.75,1.99,1268.9
2022-06-13,1.75,1.98,1284.0
2022-06-14,1.75,1.98,1286.4
2022-06-15,1.75,1.98,1290.5
2022-06-16,1.75,1.98,1285.6
2022-06-17,1.75,1.98,1287.3
2022-06-20,1.75,2.01,1292.4
2022-06-21,1.75,2.01,1293.6
2022-06-22,1.75,2.01,1297.3
2022-06-23,1.75,2.01,1301.8
2022-06-24,1.75,2.01,1298.2
2022-06-27,1.75,2.16,1286.5
2022-06-28,1.75,2.16,1283.4
2022-06-29,1.75,2.16,1299.0
2022-06-30,1.75,2.16,1298.4
2022-07-01,1.75,2.16,1297.3
2022-07-04,1.75,2.06,1297.1
2022-07-05,1.75,2.06,1300.3
2022-07-06,1.75,2.06,1306.3
2022-07-07,1.75,2.06,1299.8
2022-07-08,1.75,2.06,1300.4
2022-07-11,1.75,2.32,1303.9
2022-07-12,1.75,2.32,1312.1
2022-07-13,2.25,2.32,1306.9
2022-07-14,2.25,2.32,1312.1
2022-07-15,2.25,2.32,1326.1
2022-07-18,2.25,2.55,1317.4
2022-07-19,2.25,2.55,1313.4
2022-07-20,2.25,2.55,1312.9
2022-07-21,2.25,2.55,1307.7
2022-07-22,2.25,2.55,1313.0
2022-07-25,2.25,2.57,1313.7
2022-07-26,2.25,2.57,1307.6
2022-07-27,2.25,2.57,1313.3
2022-07-28,2.25,2.57,1296.1
2022-07-29,2.25,2.57,1299.1
2022-08-01,2.25,2.58,1304.0
2022-08-02,2.25,2.58,1304.7
2022-08-03,2.25,2.58,1310.3
2022-08-04,2.25,2.58,1310.1
2022-08-05,2.25,2.58,1298.3
2022-08-08,2.25,2.64,1306.4
2022-08-09,2.25,2.64,1304.6
2022-08-10,2.25,2.64,1310.4
2022-08-11,2.25,2.64,1303.0
2022-08-12,2.25,2.64,1302.4
2022-08-16,2.25,2.76,1308.1
2022-08-17,2.25,2.76,1310.3
2022-08-18,2.25,2.76,1320.7
2022-08-19,2.25,2.76,1325.9
2022-08-22,2.25,2.69,1339.8
2022-08-23,2.25,2.69,1345.5
2022-08-24,2.25,2.69,1342.1
2022-08-25,2.5,2.69,1335.2
2022-08-26,2.5,2.69,1331.3
2022-08-29,2.5,2.82,1350.4
2022-08-30,2.5,2.82,1346.7
2022-08-31,2.5,2.82,1337.6
2022-09-01,2.5,2.82,1354.9
2022-09-02,2.5,2.82,1362.6
2022-09-05,2.5,2.86,1371.4
2022-09-06,2.5,2.86,1371.7
2022-09-07,2.5,2.86,1384.2
2022-09-08,2.5,2.86,1380.8
2022-09-13,2.5,2.96,1373.6
2022-09-14,2.5,2.96,1390.9
2022-09-15,2.5,2.96,1393.7
2022-09-16,2.5,2.96,1388.0
2022-09-19,2.5,3.09,1393.6
2022-09-20,2.5,3.09,1389.5
2022-09-21,2.5,3.09,1394.2
2022-09-22,2.5,3.09,1409.7
2022-09-23,2.5,3.09,1409.3
2022-09-26,2.5,3.51,1431.3
2022-09-27,2.5,3.51,1421.5
2022-09-28,2.5,3.51,1439.9
2022-09-29,2.5,3.51,1438.9
2022-09-30,2.5,3.51,1430.2
2022-10-04,2.5,3.31,1426.5
2022-10-05,2.5,3.31,1410.1
2022-10-06,2.5,3.31,1402.4
2022-10-07,2.5,3.31,1412.4
2022-10-11,2.5,3.53,1435.2
2022-10-12,3.0,3.53,1424.9
2022-10-13,3.0,3.53,1431.3
2022-10-14,3.0,3.53,1428.5
2022-10-17,3.0,3.84,1435.3
2022-10-18,3.0,3.84,1422.7
2022-10-19,3.0,3.84,1426.2
2022-10-20,3.0,3.84,1433.3
2022-10-21,3.0,3.84,1439.8
2022-10-24,3.0,3.88,1439.7
2022-10-25,3.0,3.88,1433.1
2022-10-26,3.0,3.88,1426.6
2022-10-27,3.0,3.88,1417.0
2022-10-28,3.0,3.88,1421.5
2022-10-31,3.0,4.06,1424.3
2022-11-01,3.0,4.06,1417.2
2022-11-02,3.0,4.06,1417.4
2022-11-03,3.0,4.06,1423.8
2022-11-04,3.0,4.06,1419.2
2022-11-07,3.0,4.08,1401.2
2022-11-08,3.0,4.08,1384.9
2022-11-09,3.0,4.08,1364.8
2022-11-10,3.0,4.08,1377.5
2022-11-11,3.0,4.08,1318.4
2022-11-14,3.0,4.1,1325.9
2022-11-15,3.0,4.1,1317.6
2022-11-16,3.0,4.1,1325.0
2022-11-17,3.0,4.1,1339.1
2022-11-18,3.0,4.1,1340.3
2022-11-21,3.0,4.1,1354.7
2022-11-22,3.0,4.1,1356.6
2022-11-23,3.0,4.1,1351.8
2022-11-24,3.25,4.1,1328.2
2022-11-25,3.25,4.1,1323.7
2022-11-28,3.25,4.17,1340.2
2022-11-29,3.25,4.17,1326.6
2022-11-30,3.25,4.17,1318.8
2022-12-01,3.25,4.17,1299.7
2022-12-02,3.25,4.17,1299.9
2022-12-05,3.25,4.3,1292.6
2022-12-06,3.25,4.3,1318.8
2022-12-07,3.25,4.3,1321.7
2022-12-08,3.25,4.3,1318.0
2022-12-09,3.25,4.3,1301.3
2022-12-12,3.25,4.17,1307.2
2022-12-13,3.25,4.17,1306.0
2022-12-14,3.25,4.17,1296.3
2022-12-15,3.25,4.17,1303.1
2022-12-16,3.25,4.17,1305.4
2022-12-19,3.25,3.96,1302.9
2022-12-20,3.25,3.96,1289.6
2022-12-21,3.25,3.96,1285.7
2022-12-22,3.25,3.96,1276.2
2022-12-23,3.25,3.96,1280.8
2022-12-26,3.25,4.06,1274.8
2022-12-27,3.25,4.06,1271.4
2022-12-28,3.25,4.06,1267.0
2022-12-29,3.25,4.06,1264.5
2023-01-02,3.25,3.97,1272.6
2023-01-03,3.25,3.97,1271.0
2023-01-04,3.25,3.97,1271.7
2023-01-05,3.25,3.97,1269.4
2023-01-06,3.25,3.97,1268.6
2023-01-09,3.25,3.84,1243.5
2023-01-10,3.25,3.84,1244.7
2023-01-11,3.25,3.84,1246.2
2023-01-12,3.25,3.84,1245.8
2023-01-13,3.5,3.84,1241.3
2023-01-16,3.5,3.79,1235.3
2023-01-17,3.5,3.79,1238.7
2023-01-18,3.5,3.79,1237.4
2023-01-19,3.5,3.79,1232.1
2023-01-20,3.5,3.79,1235.5
2023-01-25,3.5,3.61,1231.7
2023-01-26,3.5,3.61,1230.7
2023-01-27,3.5,3.61,1231.3
2023-01-30,3.5,3.53,1227.4
2023-01-31,3.5,3.53,1231.9
2023-02-01,3.5,3.53,1231.3
2023-02-02,3.5,3.53,1220.3
2023-02-03,3.5,3.53,1229.4
2023-02-06,3.5,3.44,1252.8
2023-02-07,3.5,3.44,1255.3
2023-02-08,3.5,3.44,1260.1
2023-02-09,3.5,3.44,1260.4
2023-02-10,3.5,3.44,1265.2
2023-02-13,3.5,3.38,1277.3
2023-02-14,3.5,3.38,1269.4
2023-02-15,3.5,3.38,1282.2
2023-02-16,3.5,3.38,1284.8
2023-02-17,3.5,3.38,1299.5
2023-02-20,3.5,3.55,1294.5
2023-02-21,3.5,3.55,1295.9
2023-02-22,3.5,3.55,1304.9
2023-02-23,3.5,3.55,1297.1
2023-02-24,3.5,3.55,1304.8
2023-02-27,3.5,3.49,1323.0
2023-02-28,3.5,3.49,1322.6
2023-03-02,3.5,3.49,1315.3
2023-03-03,3.5,3.49,1301.6
2023-03-06,3.5,3.55,1296.9
2023-03-07,3.5,3.55,1299.4
2023-03-08,3.5,3.55,1321.4
2023-03-09,3.5,3.55,1322.2
2023-03-10,3.5,3.55,1324.2
2023-03-13,3.5,3.56,1301.8
2023-03-14,3.5,3.56,1311.1
2023-03-15,3.5,3.56,1303.7
2023-03-16,3.5,3.56,1313.0
2023-03-17,3.5,3.56,1302.2
2023-03-20,3.5,3.48,1310.5
2023-03-21,3.5,3.48,1311.2
2023-03-22,3.5,3.48,1307.7
2023-03-23,3.5,3.48,1278.3
2023-03-24,3.5,3.48,1294.3
2023-03-27,3.5,3.49,1301.5
2023-03-28,3.5,3.49,1298.8
2023-03-29,3.5,3.49,1302.7
2023-03-30,3.5,3.49,1299.0
2023-03-31,3.5,3.49,1301.9
2023-04-03,3.5,3.47,1316.5
2023-04-04,3.5,3.47,1315.8
2023-04-05,3.5,3.47,1310.5
2023-04-06,3.5,3.47,1319.1
2023-04-07,3.5,3.47,1316.7
2023-04-10,3.5,3.4,1319.7
2023-04-11,3.5,3.4,1322.2
2023-04-12,3.5,3.4,1325.7
2023-04-13,3.5,3.4,1310.4
2023-04-14,3.5,3.4,1298.9
2023-04-17,3.5,3.37,1311.1
2023-04-18,3.5,3.37,1318.6
2023-04-19,3.5,3.37,1325.7
2023-04-20,3.5,3.37,1322.8
2023-04-21,3.5,3.37,1328.2
2023-04-24,3.5,3.39,1334.8
2023-04-25,3.5,3.39,1332.2
2023-04-26,3.5,3.39,1336.3
2023-04-27,3.5,3.39,1338.0
2023-04-28,3.5,3.39,1337.7
2023-05-02,3.5,3.46,1342.1
2023-05-03,3.5,3.46,1338.2
2023-05-04,3.5,3.46,1322.8
2023-05-08,3.5,3.46,1321.4
2023-05-09,3.5,3.46,1323.9
2023-05-10,3.5,3.46,1324.8
2023-05-11,3.5,3.46,1326.3
2023-05-12,3.5,3.46,1334.5
2023-05-15,3.5,3.55,1337.0
2023-05-16,3.5,3.55,1338.6
2023-05-17,3.5,3.55,1337.2
2023-05-18,3.5,3.55,1334.2
2023-05-19,3.5,3.55,1326.7
2023-05-22,3.5,3.62,1318.1
2023-05-23,3.5,3.62,1312.7
2023-05-24,3.5,3.62,1317.4
2023-05-25,3.5,3.62,1326.0
2023-05-26,3.5,3.62,1324.5
2023-05-30,3.5,3.64,1324.9
2023-05-31,3.5,3.64,1327.2
2023-06-01,3.5,3.64,1321.6
2023-06-02,3.5,3.64,1305.7
2023-06-05,3.5,3.71,1308.1
2023-06-07,3.5,3.71,1303.8
2023-06-08,3.5,3.71,1303.7
2023-06-09,3.5,3.71,1291.5
2023-06-12,3.5,3.64,1288.3
2023-06-13,3.5,3.64,1271.4
2023-06-14,3.5,3.64,1278.5
2023-06-15,3.5,3.64,1280.5
2023-06-16,3.5,3.64,1271.9
2023-06-19,3.5,3.7,1282.0
2023-06-20,3.5,3.7,1280.3
2023-06-21,3.5,3.7,1292.0
2023-06-22,3.5,3.7,1294.9
2023-06-23,3.5,3.7,1304.2
2023-06-26,3.5,3.69,1306.3
2023-06-27,3.5,3.69,1300.3
2023-06-28,3.5,3.69,1307.3
2023-06-29,3.5,3.69,1317.6
2023-06-30,3.5,3.69,1317.7
2023-07-03,3.5,3.71,1308.0
2023-07-04,3.5,3.71,1301.4
2023-07-05,3.5,3.71,1298.6
2023-07-06,3.5,3.71,1300.9
2023-07-07,3.5,3.71,1305.0
2023-07-10,3.5,3.68,1306.5
2023-07-11,3.5,3.68,1293.7
2023-07-12,3.5,3.68,1288.7
2023-07-13,3.5,3.68,1274.0
2023-07-14,3.5,3.68,1265.8
2023-07-17,3.5,3.59,1266.6
2023-07-18,3.5,3.59,1260.4
2023-07-19,3.5,3.59,1265.6
2023-07-20,3.5,3.59,1269.9
2023-07-21,3.5,3.59,1283.4
2023-07-24,3.5,3.6,1279.9
2023-07-25,3.5,3.6,1275.4
2023-07-26,3.5,3.6,1274.5
2023-07-27,3.5,3.6,1277.7
2023-07-28,3.5,3.6,1277.0
2023-07-31,3.5,3.59,1274.6
2023-08-01,3.5,3.59,1283.8
2023-08-02,3.5,3.59,1298.5
2023-08-03,3.5,3.59,1299.1
2023-08-04,3.5,3.59,1309.8
2023-08-07,3.5,3.59,1306.2
2023-08-08,3.5,3.59,1315.7
2023-08-09,3.5,3.59,1315.7
2023-08-10,3.5,3.59,1316.0
2023-08-11,3.5,3.59,1324.9
2023-08-14,3.5,3.58,1330.9
2023-08-16,3.5,3.58,1336.9
2023-08-17,3.5,3.58,1342.0
2023-08-18,3.5,3.58,1338.3
2023-08-21,3.5,3.63,1342.6
2023-08-22,3.5,3.63,1335.5
2023-08-23,3.5,3.63,1339.7
2023-08-24,3.5,3.63,1322.6
2023-08-25,3.5,3.63,1325.2
2023-08-28,3.5,3.63,1323.4
2023-08-29,3.5,3.63,1321.9
2023-08-30,3.5,3.63,1323.4
2023-08-31,3.5,3.63,1321.8
2023-09-01,3.5,3.63,1318.8
2023-09-04,3.5,3.66,1319.8
2023-09-05,3.5,3.66,1330.6
2023-09-06,3.5,3.66,1330.5
2023-09-07,3.5,3.66,1335.4
2023-09-08,3.5,3.66,1333.4
2023-09-11,3.5,3.65,1331.1
2023-09-12,3.5,3.65,1327.8
2023-09-13,3.5,3.65,1330.0
2023-09-14,3.5,3.65,1325.7
2023-09-15,3.5,3.65,1325.9
2023-09-18,3.5,3.75,1324.4
2023-09-19,3.5,3.75,1328.5
2023-09-20,3.5,3.75,1330.1
2023-09-21,3.5,3.75,1339.7
2023-09-22,3.5,3.75,1336.8
2023-09-25,3.5,3.83,1336.5
2023-09-26,3.5,3.83,1348.5
2023-09-27,3.5,3.83,1349.3
2023-10-04,3.5,3.92,1363.5
2023-10-05,3.5,3.92,1350.5
2023-10-06,3.5,3.92,1349.9
2023-10-10,3.5,3.81,1349.5
2023-10-11,3.5,3.81,1338.7
2023-10-12,3.5,3.81,1338.5
2023-10-13,3.5,3.81,1350.0
2023-10-16,3.5,4.01,1353.7
2023-10-17,3.5,4.01,1353.6
2023-10-18,3.5,4.01,1349.6
2023-10-19,3.5,4.01,1357.4
2023-10-20,3.5,4.01,1352.4
2023-10-23,3.5,4.01,1353.7
2023-10-24,3.5,4.01,1343.1
2023-10-25,3.5,4.01,1349.7
2023-10-26,3.5,4.01,1360.0
2023-10-27,3.5,4.01,1355.9
2023-10-30,3.5,3.94,1350.9
2023-10-31,3.5,3.94,1350.5
2023-11-01,3.5,3.94,1357.3
2023-11-02,3.5,3.94,1342.9
2023-11-03,3.5,3.94,1322.4
2023-11-06,3.5,4.0,1297.3
2023-11-07,3.5,4.0,1307.9
2023-11-08,3.5,4.0,1310.6
2023-11-09,3.5,4.0,1310.1
2023-11-10,3.5,4.0,1316.8
2023-11-13,3.5,3.96,1325.1
2023-11-14,3.5,3.96,1328.9
2023-11-15,3.5,3.96,1300.8
2023-11-16,3.5,3.96,1296.9
2023-11-17,3.5,3.96,1296.9
2023-11-20,3.5,3.95,1291.6
2023-11-21,3.5,3.95,1289.2
2023-11-22,3.5,3.95,1300.5
2023-11-23,3.5,3.95,1297.5
2023-11-24,3.5,3.95,1306.4
2023-11-27,3.5,3.91,1303.8
2023-11-28,3.5,3.91,1293.7
2023-11-29,3.5,3.91,1289.6
2023-11-30,3.5,3.91,1290.0
2023-12-01,3.5,3.91,1305.8
2023-12-04,3.5,3.92,1304.0
2023-12-05,3.5,3.92,1311.2
2023-12-06,3.5,3.92,1313.1
2023-12-07,3.5,3.92,1325.3
2023-12-08,3.5,3.92,1306.8
2023-12-11,3.5,3.87,1316.5
2023-12-12,3.5,3.87,1314.0
2023-12-13,3.5,3.87,1319.9
2023-12-14,3.5,3.87,1295.4
2023-12-15,3.5,3.87,1296.5
2023-12-18,3.5,3.84,1297.2
2023-12-19,3.5,3.84,1307.8
2023-12-20,3.5,3.84,1298.9
2023-12-21,3.5,3.84,1305.1
2023-12-22,3.5,3.84,1303.0
2023-12-26,3.5,3.82,1294.5
2023-12-27,3.5,3.82,1294.2
2023-12-28,3.5,3.82,1288.0
2024-01-02,3.5,3.77,1300.4
2024-01-03,3.5,3.77,1304.8
2024-01-04,3.5,3.77,1310.0
2024-01-05,3.5,3.77,1315.4
2024-01-08,3.5,3.77,1316.0
2024-01-09,3.5,3.77,1315.7
2024-01-10,3.5,3.77,1320.1
2024-01-11,3.5,3.77,1312.9
2024-01-12,3.5,3.77,1313.5
2024-01-15,3.5,3.72,1320.2
2024-01-16,3.5,3.72,1331.8
2024-01-17,3.5,3.72,1344.2
2024-01-18,3.5,3.72,1339.7
2024-01-19,3.5,3.72,1339.0
2024-01-22,3.5,3.67,1338.9
2024-01-23,3.5,3.67,1333.4
2024-01-24,3.5,3.67,1337.0
2024-01-25,3.5,3.67,1335.8
2024-01-26,3.5,3.67,1336.3
2024-01-29,3.5,3.68,1335.7
2024-01-30,3.5,3.68,1329.4
2024-01-31,3.5,3.68,1334.6
2024-02-01,3.5,3.68,1331.8
2024-02-02,3.5,3.68,1322.6
2024-02-05,3.5,3.69,1330.8
2024-02-06,3.5,3.69,1327.6
2024-02-07,3.5,3.69,1327.8
2024-02-08,3.5,3.69,1328.2
2024-02-13,3.5,3.68,1328.1
2024-02-14,3.5,3.68,1335.4
2024-02-15,3.5,3.68,1334.0
2024-02-16,3.5,3.68,1335.4
2024-02-19,3.5,3.63,1335.2
2024-02-20,3.5,3.63,1337.6
2024-02-21,3.5,3.63,1334.7
2024-02-22,3.5,3.63,1328.7
2024-02-23,3.5,3.63,1331.0
2024-02-26,3.5,3.66,1331.1
2024-02-27,3.5,3.66,1331.0
2024-02-28,3.5,3.66,1333.6
2024-02-29,3.5,3.66,1331.5
2024-03-04,3.5,3.66,1331.3
2024-03-05,3.5,3.66,1334.5
2024-03-06,3.5,3.66,1334.5
2024-03-07,3.5,3.66,1330.9
2024-03-08,3.5,3.66,1319.8
2024-03-11,3.5,3.64,1310.3
2024-03-12,3.5,3.64,1311.0
2024-03-13,3.5,3.64,1314.5
2024-03-14,3.5,3.64,1317.6
2024-03-15,3.5,3.64,1330.5
2024-03-18,3.5,3.56,1333.7
2024-03-19,3.5,3.56,1339.8
2024-03-20,3.5,3.56,1339.6
2024-03-21,3.5,3.56,1322.4
2024-03-22,3.5,3.56,1338.4
2024-03-25,3.5,3.6,1342.1
2024-03-26,3.5,3.6,1339.5
2024-03-27,3.5,3.6,1348.7
2024-03-28,3.5,3.6,1346.2
2024-03-29,3.5,3.6,1347.2
2024-04-01,3.5,3.57,1349.4
2024-04-02,3.5,3.57,1352.1
2024-04-03,3.5,3.57,1348.9
2024-04-04,3.5,3.57,1347.1
2024-04-05,3.5,3.57,1352.8
